symbols,price,200_MA,150_MA,50_MA,200_MA_1month_ago,150_MA_1month_ago,200_MA_2month_ago,150_MA_2month_ago,52_Week_Low,52_Week_High,Rel_Strength,Above_30%_Low,Within_25%_High,RS_Rank
SPY,446.97,398.4320500000001,410.48846666666657,432.5966000000003,383.9360499999999,397.30059999999986,,382.3298,322.64,446.97,100.0,419.432,335.2275,0.4501108647450111
MMM,202.32,187.11049999999992,192.43300000000005,199.0540000000002,182.05565,187.2550000000001,,180.9858666666667,158.48,207.33,92.86274531025651,206.024,155.4975,0.31929046563192903
ABT,124.66,116.05305000000004,118.36033333333336,117.04840000000002,114.12720000000007,116.03533333333343,,115.43666666666667,100.48,128.23,93.57874059388534,130.62400000000002,96.17249999999999,0.3325942350332594
ABBV,118.41,108.92845000000001,111.36726666666662,115.60879999999993,104.5213,109.2097333333333,,104.93246666666666,80.49,118.87,92.90933071472111,104.637,89.1525,0.3215077605321508
ABMD,323.93,307.13224999999994,315.47560000000004,319.0405999999999,299.5952,309.13266666666675,,303.0983333333334,251.88,355.13,79.11212172912066,327.444,266.34749999999997,0.12195121951219512
ACN,328.25,273.6092499999999,282.24046666666646,305.16040000000004,260.4889499999999,270.3305999999999,,259.6853333333333,213.94,328.25,106.67934802886518,278.122,246.1875,0.5742793791574279
ATVI,83.85,90.54034999999996,93.1543333333334,90.35139999999997,89.5584,93.09700000000007,,89.64680000000007,75.12,103.81,77.31519400610858,97.656,77.8575,0.10199556541019955
ADBE,636.94,508.90209999999985,518.8075333333331,594.4830000000003,489.9872499999998,493.6719333333331,,479.50393333333324,421.2,637.31,106.63173945077075,547.5600000000001,477.98249999999996,0.5720620842572062
AMD,107.48,86.76497500000009,86.15363333333329,93.00640000000004,84.25770000000004,85.12823333333328,,84.73809999999997,73.09,118.77,98.58656092601885,95.01700000000001,89.0775,0.4212860310421286
AAP,212.26,180.47650000000024,188.83273333333312,206.2383999999999,172.21245000000016,178.79379999999983,,169.5917333333333,144.33,215.4,99.67011361664052,187.62900000000002,161.55,0.43902439024390244
AES,24.36,25.068,26.18079999999999,25.078199999999995,24.286349999999988,25.792266666666663,,24.753866666666664,17.36,28.91,104.22296015962299,22.568,21.6825,0.5299334811529933
AFL,57.52,49.922400000000046,52.26966666666667,54.50500000000002,47.34870000000001,50.31766666666669,,47.18100000000002,33.95,57.52,116.0843766906938,44.135000000000005,43.14,0.7184035476718403
A,162.07,129.94685000000007,135.03606666666667,149.45279999999994,122.72700000000005,128.45533333333339,,121.60706666666673,95.14,162.07,125.65394991897114,123.682,121.5525,0.8292682926829268
APD,281.55,281.8897500000003,283.7093333333337,289.8892000000002,282.9786000000002,281.0085333333336,,278.53093333333356,253.15,312.67,73.50885078652864,329.095,234.5025,0.07095343680709534
AKAM,115.26,107.93330000000003,109.6804000000001,117.03699999999998,106.86300000000008,107.27046666666676,,104.43820000000007,93.41,120.44,80.77939682151282,121.43299999999999,90.33,0.14634146341463414
ALK,57.36,59.409649999999964,63.121733333333324,60.04340000000002,56.56939999999996,61.83393333333332,,57.447799999999965,35.43,73.74,119.59251865669363,46.059000000000005,55.30499999999999,0.7560975609756098
ALB,225.9,160.08380000000014,168.42053333333348,186.9423999999999,144.32005000000004,158.1212666666668,,146.78660000000008,80.42,239.03,186.09648433482852,104.546,179.2725,0.9889135254988913
ARE,205.8,175.43075000000002,178.30313333333322,193.0855999999999,169.99994999999996,173.13879999999992,,168.266,151.51,209.07,89.71578427796021,196.963,156.8025,0.2749445676274945
ALGN,690.75,567.2838999999997,590.4974666666659,635.2913999999998,522.5183499999998,564.9674666666662,,533.2905999999995,294.29,708.01,168.71544678078888,382.57700000000006,531.0074999999999,0.9711751662971175
ALLE,139.97,124.82865000000007,129.00746666666666,137.84940000000006,119.5809500000001,124.47720000000005,,118.27013333333339,95.37,142.55,103.47890958737086,123.98100000000001,106.91250000000001,0.5144124168514412
LNT,61.64,54.12740000000001,54.555899999999994,58.22600000000003,53.354399999999984,53.0874,,52.66206666666667,46.16,61.64,86.45627787813743,60.007999999999996,46.230000000000004,0.21729490022172948
ALL,136.54,117.61410000000005,122.7656666666667,131.04239999999993,111.88039999999997,117.93613333333332,,110.38546666666666,88.0,139.26,108.39488367720062,114.4,104.445,0.5986696230598669
GOOGL,2766.19,2142.55275,2273.7506666666663,2555.5849999999987,1978.6421499999994,2104.6008666666658,,1957.2197333333327,1409.39,2766.19,137.92301010108642,1832.207,2074.6425,0.8980044345898004
GOOG,2778.32,2170.835399999997,2309.7073999999952,2622.8235999999993,1999.6838499999978,2131.0119999999956,,1969.8641333333305,1415.21,2792.89,138.36902639104258,1839.7730000000001,2094.6675,0.9024390243902439
MO,48.39,45.67615000000003,47.346000000000004,47.71759999999997,44.440650000000005,46.23133333333333,,44.330733333333335,36.08,52.5,85.01722895273913,46.903999999999996,39.375,0.1973392461197339
AMZN,3298.99,3273.9497500000016,3309.0236000000014,3476.0942000000005,3226.509400000003,3246.2249333333352,,3205.57206666667,2951.95,3731.41,78.36958339543315,3837.535,2798.5575,0.1130820399113082
AMCR,12.22,11.618700000000006,11.646000000000013,11.661200000000001,11.53645000000001,11.628933333333347,,11.54866666666668,10.32,12.49,81.68292299696628,13.416,9.3675,0.15521064301552107
AEE,89.61,80.18804999999999,80.62433333333334,84.10260000000011,79.56270000000002,79.13526666666668,,78.77133333333335,70.27,89.61,83.19451839446475,91.351,67.2075,0.17516629711751663
AAL,19.76,19.496324999999985,21.144266666666645,21.377799999999997,18.317674999999994,20.262866666666657,,18.14786666666666,10.95,25.82,118.37234597442823,14.235,19.365000000000002,0.7472283813747228
AEP,90.3,84.47767499999996,84.35596666666666,86.18080000000003,84.36362499999997,83.37880000000001,,84.25570000000002,74.85,93.59,84.04153315074177,97.30499999999999,70.1925,0.18403547671840353
AXP,165.75,142.05355,150.96446666666668,168.15300000000008,132.02130000000002,141.24153333333334,,129.67793333333339,91.07,173.6,128.45438458695523,118.39099999999999,130.2,0.8425720620842572
AIG,54.61,44.77995000000003,47.12040000000001,48.97599999999998,41.96714999999998,45.19566666666667,,42.09186666666666,26.43,54.61,137.80121188648576,34.359,40.957499999999996,0.8957871396895787
AMT,283.2,243.46704999999986,248.77693333333323,276.30100000000016,237.4944999999999,237.17533333333316,,231.35206666666642,198.66,286.88,85.32925385505078,258.258,215.16,0.2017738359201774
AWK,181.5,156.19220000000004,156.97326666666666,165.0743999999999,153.2852,153.2758666666667,,153.16233333333335,132.13,181.5,93.62327792434122,171.769,136.125,0.3348115299334812
AMP,271.26,226.81165000000007,240.33066666666676,253.40739999999988,213.12220000000008,228.0512000000001,,212.36246666666685,144.61,272.8,129.93282182267652,187.99300000000002,204.60000000000002,0.8492239467849224
ABC,120.07,111.44414999999998,114.71220000000014,117.99139999999994,108.28994999999999,111.14500000000007,,108.20680000000004,94.08,125.85,87.77132340851182,122.304,94.38749999999999,0.2394678492239468
AME,137.61,126.2954999999999,129.53659999999985,135.72999999999993,121.45914999999992,126.10026666666656,,121.40366666666651,95.32,139.05,102.59701119689142,123.916,104.28750000000001,0.5011086474501109
AMGN,231.07,238.82939999999977,242.36199999999968,240.62240000000003,238.81509999999983,240.08839999999972,,237.58833333333308,216.38,259.14,71.88563085448209,281.294,194.355,0.057649667405764965
APH,74.5,66.45145000000001,67.29836666666668,70.03879999999997,64.175175,66.19640000000003,,64.6650333333333,51.645,74.5,102.50634878685977,67.13850000000001,55.875,0.49667405764966743
ADI,171.07,154.3485999999999,159.27939999999987,166.75080000000003,147.50064999999992,155.14119999999988,,147.7325999999999,112.5,172.58,110.12362079204945,146.25,129.435,0.623059866962306
ANSS,363.2,348.703925,351.95759999999984,351.89000000000016,343.7700749999999,350.2052333333332,,347.12716666666654,293.55,403.6,86.51996236327828,381.615,302.70000000000005,0.21951219512195122
ANTM,376.39,348.8901999999999,360.11146666666644,383.31220000000013,333.96854999999994,347.130933333333,,331.5483333333332,245.73,401.9,100.50913518518283,319.449,301.42499999999995,0.458980044345898
AON,279.67,228.6120999999999,237.13526666666658,246.60600000000002,222.06869999999992,228.84779999999995,,219.77046666666675,179.96,279.67,107.47811380506565,233.948,209.7525,0.5853658536585366
AOS,72.64,63.77200000000002,66.58686666666675,70.04360000000001,61.35850000000001,63.64573333333339,,60.73073333333335,47.26,72.64,110.47264234805871,61.438,54.480000000000004,0.6297117516629712
APA,17.13,17.864250000000013,19.435933333333352,20.08799999999998,16.573325000000004,18.728133333333346,,16.3521,7.79,23.52,84.4493385119625,10.127,17.64,0.19290465631929046
AAPL,151.12,130.106875,132.54213333333342,140.55879999999996,125.55562499999998,128.87570000000002,,126.04629999999993,106.84,151.12,99.6854044518488,138.892,113.34,0.44124168514412415
AMAT,131.69,115.22517500000004,126.60239999999996,136.66959999999986,104.23702500000002,117.24253333333324,,103.47269999999997,55.0,143.05,148.72697990323707,71.5,107.28750000000001,0.9379157427937915
APTV,164.24,141.92479999999998,149.24146666666664,158.21820000000005,132.37559999999996,142.93613333333326,,133.3738666666666,83.29,169.76,140.84129975876692,108.27700000000002,127.32,0.9135254988913526
ADM,62.68,57.137200000000014,59.62126666666657,61.04100000000004,55.53460000000002,57.79673333333327,,54.840666666666635,43.49,68.77,106.74966289372647,56.537000000000006,51.5775,0.5787139689578714
ANET,365.51,315.5316500000001,329.67093333333344,369.12460000000016,292.2005500000001,312.45980000000003,,290.21599999999995,195.1,382.12,128.5177973445095,253.63,286.59000000000003,0.844789356984479
AJG,142.93,129.45530000000005,133.48726666666678,140.68860000000006,124.55360000000006,129.7748000000001,,123.39393333333336,101.08,151.16,101.31767224309046,131.404,113.37,0.4745011086474501
AIZ,166.64,144.55845,148.5555999999999,157.81419999999997,139.43680000000003,143.80053333333333,,137.89853333333335,117.26,166.64,101.13196878749353,152.43800000000002,124.97999999999999,0.4722838137472284
T,28.2,29.291650000000004,29.40260000000002,28.487999999999996,29.264200000000006,29.660333333333348,,29.42086666666668,26.5,32.63,71.42124925362882,34.45,24.472500000000004,0.05321507760532151
ATO,101.07,96.55514999999997,96.7173333333333,99.48739999999997,95.885,95.81253333333332,,95.342,84.61,104.59,73.38558755603131,109.99300000000001,78.4425,0.06873614190687362
ADSK,330.18,287.5237500000001,291.10940000000033,300.8532000000001,276.8260500000002,287.509466666667,,281.1711333333336,220.96,332.78,104.44208465312181,287.24800000000005,249.58499999999998,0.532150776053215
ADP,216.56,185.30627499999989,189.76303333333342,204.05760000000006,175.75277499999993,183.03656666666672,,176.13669999999996,128.72,216.72,117.22733027682753,167.336,162.54,0.7272727272727273
AZO,1633.07,1344.7808499999994,1405.0544666666663,1537.2734000000003,1280.1049999999998,1322.0917999999997,,1266.0031999999997,1095.99,1660.11,102.22342409265559,1424.787,1245.0825,0.4878048780487805
AVB,225.11,187.93010000000015,196.5992666666666,219.52879999999993,177.06120000000013,184.35313333333326,,173.54486666666668,132.71,229.92,109.53433897934075,172.52300000000002,172.44,0.614190687361419
AVY,219.7,184.76114999999993,196.03813333333323,210.35940000000002,173.17864999999986,185.17159999999993,,171.33939999999993,113.44,222.56,143.35709843058146,147.472,166.92000000000002,0.9201773835920177
BKR,21.28,21.915450000000014,22.62726666666666,22.398999999999987,20.803200000000007,22.675399999999993,,21.07806666666667,12.65,26.31,96.50697285202332,16.445,19.732499999999998,0.37472283813747226
BLL,89.07,88.05215000000003,86.22160000000004,82.81539999999983,88.46825000000003,87.88053333333335,,90.27799999999998,75.76,97.91,88.3572438093177,98.48800000000001,73.4325,0.24390243902439024
BAC,41.29,35.87184999999998,38.38026666666666,40.027800000000006,33.70614999999999,36.541733333333326,,33.37839999999999,23.26,43.27,120.52240469785274,30.238000000000003,32.4525,0.7804878048780488
BBWI,61.96,56.183849999999985,62.23306666666657,69.96840000000003,50.54819999999998,56.229999999999926,,49.51753333333331,28.0,80.07,162.64532730260294,36.4,60.052499999999995,0.9689578713968958
BAX,75.68,80.55085000000007,81.05820000000007,79.80520000000007,80.79590000000006,81.21613333333342,,80.71980000000006,73.85,88.01,68.35626659036905,96.005,66.00750000000001,0.03547671840354767
BDX,249.61,246.3455,247.94513333333327,246.17260000000005,244.1767499999999,247.38846666666646,,246.27606666666654,221.16,263.86,72.56788945754376,287.508,197.895,0.06208425720620843
BRK.B,289.45,256.3738499999998,266.78646666666646,280.8437999999999,246.29294999999985,256.51619999999974,,243.3783999999997,200.7,292.52,105.82485750854822,260.90999999999997,219.39,0.5521064301552107
BBY,115.36,113.10065,114.40046666666659,112.84519999999993,113.24755000000003,112.70586666666658,,113.24726666666659,98.24,125.79,78.71859870340406,127.712,94.3425,0.11751662971175167
BIO,781.98,612.0165999999997,622.9743999999995,674.1776000000002,587.5386999999998,597.0843999999995,,590.1118666666663,478.82,781.98,115.48476678890924,622.466,586.485,0.70509977827051
BIIB,343.5,,299.0946666666663,353.3412,,281.5510666666663,,,236.26,414.71,89.80720797669402,307.138,311.03249999999997,0.2771618625277162
BLK,924.89,779.8177500000004,809.4444666666668,881.4963999999991,737.6389000000001,775.5435333333334,,731.0797333333335,535.05,924.89,118.10520532505686,695.5649999999999,693.6675,0.7450110864745011
BK,54.27,45.976600000000026,48.02126666666669,50.77019999999997,43.75025000000001,46.15046666666665,,43.46646666666666,33.14,54.89,110.61796323518594,43.082,41.167500000000004,0.6319290465631929
BA,229.06,225.6626499999998,232.43426666666653,234.74099999999996,216.13394999999994,231.02613333333332,,217.55880000000008,144.39,269.19,100.67420991893121,187.707,201.89249999999998,0.4634146341463415
BKNG,2130.89,2206.0844000000006,2260.1348000000003,2213.5469999999996,2138.994600000001,2250.9227333333342,,2166.088400000001,1604.13,2505.1,91.90128938228467,2085.369,1878.8249999999998,0.30155210643015523
BWA,45.6,45.213149999999985,47.496999999999986,48.3194,44.01909999999999,45.9248,,43.38153333333333,34.98,54.45,82.88932285112641,45.474,40.837500000000006,0.16851441241685144
BXP,117.0,104.36495000000001,108.00840000000002,117.57999999999997,99.07419999999998,104.20513333333338,,97.42360000000004,71.15,124.03,102.54136099991118,92.495,93.02250000000001,0.49889135254988914
BSX,44.66,39.49390000000001,40.97193333333336,43.59239999999998,38.69285000000001,39.22260000000002,,37.80653333333333,33.15,45.88,85.8018499204825,43.095,34.410000000000004,0.20620842572062084
BMY,68.68,63.98709999999997,64.60719999999993,67.1176,62.855849999999975,63.474999999999966,,62.600933333333295,57.74,69.31,81.61299039084344,75.06200000000001,51.9825,0.15299334811529933
AVGO,488.14,451.4025999999996,467.5501999999992,475.5875999999999,434.9516499999999,456.5055999999999,,437.46313333333336,328.64,489.96,111.72032654219583,427.23199999999997,367.46999999999997,0.6585365853658537
BR,176.99,155.07779999999994,157.42413333333326,167.00740000000002,150.14964999999992,153.28726666666657,,150.09226666666663,127.85,176.99,96.86166878862306,166.20499999999998,132.7425,0.38137472283813745
BF.B,69.89,74.95745000000004,73.96900000000002,73.03780000000002,75.54815000000002,75.29386666666669,,75.20346666666666,68.37,81.82,73.34390106537202,88.88100000000001,61.364999999999995,0.06651884700665188
CHRW,92.32,94.22620000000002,94.7184666666667,93.45739999999998,95.73230000000004,95.08813333333342,,94.61573333333342,85.56,106.16,73.25153279962683,111.22800000000001,79.62,0.06430155210643015
COG,15.47,17.34480000000001,17.445933333333336,16.479200000000002,17.695550000000004,17.56940000000001,,17.788800000000005,15.33,20.17,58.01261674285871,19.929000000000002,15.127500000000001,0.013303769401330377
CDNS,151.87,132.122625,135.53803333333335,139.46520000000012,126.90382500000004,132.13683333333336,,128.78230000000005,99.72,152.67,104.83377561008838,129.636,114.5025,0.5388026607538803
CZR,87.4,86.85945000000001,93.19620000000002,97.2882,81.4748,89.7502,,80.02346666666666,41.56,111.7,158.98588297983235,54.028000000000006,83.775,0.9623059866962306
CPB,43.44,47.38785000000003,47.13366666666672,44.8896,47.94965000000001,47.88826666666671,,48.17740000000002,42.23,53.48,62.816958851677285,54.899,40.11,0.017738359201773836
COF,177.32,128.99309999999997,141.73959999999994,160.9474,116.19795000000008,128.77206666666666,,113.1220666666667,63.8,177.73,200.70997120325052,82.94,133.29749999999999,0.9933481152993349
CAH,52.43,56.099100000000035,56.83453333333333,56.88240000000002,54.81715000000001,56.51179999999995,,55.34919999999998,45.25,62.46,75.17003558626485,58.825,46.845,0.07982261640798226
KMX,129.07,118.2094500000001,125.9764000000001,128.45700000000008,112.47480000000009,118.66293333333343,,113.33306666666668,86.44,139.7,92.38507513849368,112.372,104.77499999999999,0.31263858093126384
CCL,22.79,23.90255000000001,25.41786666666667,24.933399999999995,22.753950000000003,25.1842,,22.62480000000001,12.3,31.31,117.36563127846178,15.990000000000002,23.482499999999998,0.7317073170731707
CARR,56.6,42.611750000000036,44.138733333333356,50.21580000000001,39.60490000000002,41.324933333333355,,39.353800000000014,29.01,57.18,143.39707140981028,37.713,42.885,0.9223946784922394
CTLT,120.98,108.19869999999996,110.78813333333329,113.32280000000011,104.25344999999997,107.8236,,105.8483333333333,80.79,125.27,100.47354064980325,105.02700000000002,93.9525,0.4567627494456763
CAT,217.71,208.03514999999987,218.80279999999993,214.87399999999982,200.0209499999999,212.87313333333333,,201.17433333333338,137.48,244.79,118.64842215554748,178.724,183.5925,0.7516629711751663
CBOE,125.75,103.0799000000001,107.4113333333333,118.41660000000006,98.12722500000005,102.11533333333333,,96.17483333333332,78.47,127.0,105.84189635980717,102.011,95.25,0.5543237250554324
CBRE,94.34,76.14119999999996,81.36279999999998,89.15,69.92554999999997,76.1386,,69.28479999999996,43.92,98.13,158.1751686063902,57.096000000000004,73.5975,0.9600886917960089
CDW,199.02,158.22214999999997,166.79586666666657,178.01520000000005,149.43314999999993,156.78379999999993,,149.2857333333332,108.81,199.02,132.42336101043156,141.453,149.26500000000001,0.8669623059866962
CE,159.51,144.8899,150.1459333333335,154.25180000000003,138.86715,145.5734000000001,,138.81260000000003,99.81,169.03,119.68023290127057,129.75300000000001,126.77250000000001,0.7583148558758315
CNC,64.06,65.61699999999995,66.31986666666661,71.02140000000003,64.43109999999996,64.80479999999997,,63.35619999999993,54.3,74.7,75.52940963505138,70.59,56.025000000000006,0.08647450110864745
CNP,26.79,23.31380000000002,23.592733333333335,25.465200000000014,22.553750000000004,22.849133333333338,,22.384200000000014,18.86,26.9,98.07884143873024,24.518,20.174999999999997,0.4057649667405765
CERN,80.15,76.28194999999998,76.62339999999996,79.3014,75.18094999999998,76.10993333333329,,74.92586666666664,67.48,83.3,83.16431778286481,87.724,62.474999999999994,0.17073170731707318
CF,46.39,45.12614999999997,48.30879999999998,49.527200000000015,42.51884999999999,46.561599999999984,,42.09099999999999,25.71,55.56,102.00962936490356,33.423,41.67,0.48558758314855877
CRL,416.03,305.7954499999996,327.0187333333328,381.4286000000004,281.6405999999996,298.08073333333283,,274.5701999999998,202.95,416.31,143.97771248765366,263.835,312.2325,0.926829268292683
SCHW,73.26,62.67209999999998,67.08913333333334,71.2322,57.95079999999999,63.682800000000015,,57.73686666666666,34.36,76.01,159.97883146868875,44.668,57.00750000000001,0.9667405764966741
CHTR,782.58,662.7228499999994,669.0991333333332,723.7586000000006,645.2106999999997,652.040933333333,,636.9640666666664,572.58,782.58,97.79520812303392,744.354,586.9350000000001,0.401330376940133
CVX,100.92,97.98129999999996,102.16059999999993,103.51520000000006,93.84244999999996,99.68839999999997,,94.06239999999998,66.88,111.56,84.05384326885158,86.944,83.67,0.188470066518847
CMG,1877.37,1458.930499999999,1504.495533333334,1626.6408000000004,1389.3026999999993,1427.0384000000004,,1401.3647999999996,1188.54,1899.98,116.69719098074773,1545.102,1424.9850000000001,0.7228381374722838
CB,184.23,161.11554999999996,165.0518,166.89359999999996,153.81954999999994,161.73506666666668,,156.45659999999995,113.85,184.23,110.67876690973723,148.005,138.17249999999999,0.6363636363636364
CHD,86.21,85.53929999999997,85.12099999999997,85.28339999999992,86.46414999999998,85.27313333333335,,85.96313333333332,77.92,98.16,68.03934769392002,101.296,73.62,0.03325942350332594
CI,210.9,228.25310000000005,235.45153333333306,231.16060000000002,220.36110000000005,231.99226666666655,,222.38833333333318,160.5,266.91,87.51343150213984,208.65,200.1825,0.23503325942350334
CINF,122.06,102.15117500000008,109.15166666666669,118.29639999999996,96.35982500000006,102.48646666666673,,94.12363333333339,70.74,124.22,117.95672465368683,91.962,93.16499999999999,0.7405764966740577
CTAS,393.42,354.2518499999997,355.40193333333315,379.2107999999999,346.3847999999996,348.19059999999985,,344.84453333333323,314.55,395.34,92.65899826519363,408.915,296.505,0.3170731707317073
CSCO,56.28,48.890675000000016,51.06040000000003,54.23380000000004,46.590175,49.064433333333355,,46.2243,35.69,56.47,101.08758760240868,46.397,42.3525,0.4700665188470067
C,72.1,66.61939999999993,70.39719999999993,70.39920000000001,62.915699999999944,68.69553333333326,,63.21113333333325,41.13,79.86,106.00488076563272,53.46900000000001,59.894999999999996,0.5631929046563193
CFG,44.27,41.88705000000001,44.59426666666668,45.02699999999998,39.41190000000001,43.01773333333334,,39.50726666666667,23.83,50.74,131.5573402137636,30.979,38.055,0.8603104212860311
CTXS,102.17,125.01315000000004,125.11006666666671,112.52240000000008,128.68287500000005,129.1079333333334,,129.94116666666667,99.0,147.8,55.93907549017252,128.70000000000002,110.85000000000001,0.004434589800443459
CLX,169.89,189.40664999999998,184.77993333333347,176.44979999999995,194.61640000000017,189.51700000000005,,195.76946666666666,162.58,228.3,56.635108238373796,211.354,171.22500000000002,0.008869179600886918
CME,207.19,197.54932499999998,205.89810000000008,211.9892000000001,190.82427500000003,200.4731666666667,,189.2835000000001,147.06,218.85,91.00921225351337,191.178,164.1375,0.29046563192904656
CMS,63.87,60.584524999999985,60.348166666666636,61.09000000000001,60.746774999999985,59.8376333333333,,60.56663333333329,53.88,67.11,79.15707732612705,70.04400000000001,50.332499999999996,0.12416851441241686
KO,57.48,53.02099999999998,53.241399999999956,55.652000000000044,52.05725000000001,52.56679999999998,,51.81526666666666,47.28,57.48,90.13683353553141,61.464000000000006,43.11,0.2793791574279379
CTSH,77.18,75.49805,74.63846666666667,70.75700000000005,75.48454999999998,76.3538,,77.18466666666664,65.56,82.2,86.39057953534386,85.22800000000001,61.650000000000006,0.21507760532150777
CL,79.78,81.25660000000008,80.27900000000007,81.6960000000002,80.76985000000006,80.90493333333339,,80.83286666666676,74.44,86.26,78.11656699092605,96.772,64.69500000000001,0.11086474501108648
CMCSA,59.25,53.8828,55.350766666666665,57.683000000000014,51.988500000000016,53.956666666666656,,51.87019999999998,41.4,59.32,102.90165435395791,53.82,44.49,0.5077605321507761
CMA,74.16,65.82029999999999,70.20173333333332,70.71459999999998,61.69074999999998,67.37693333333333,,62.120199999999954,36.44,79.65,137.54924637801628,47.372,59.737500000000004,0.893569844789357
CAG,33.97,35.94285000000003,36.03173333333339,35.139600000000016,36.294950000000014,36.32306666666671,,36.14766666666668,32.27,38.92,67.49374948863596,41.95100000000001,29.19,0.031042128603104215
COP,54.81,50.22484999999996,53.92273333333336,58.27719999999997,46.83124999999998,51.00786666666667,,46.00246666666665,28.62,62.88,101.80944320752361,37.206,47.160000000000004,0.48337028824833705
ED,78.25,74.28060000000002,73.9370666666667,74.78540000000001,74.9567,73.47906666666668,,74.35493333333335,65.65,83.05,79.50157108724767,85.34500000000001,62.287499999999994,0.13082039911308205
STZ,214.05,223.1978499999999,228.88526666666658,226.19539999999995,217.43059999999997,227.46206666666654,,218.52673333333325,165.01,243.02,93.16720919224856,214.513,182.26500000000001,0.328159645232816
COO,439.54,380.0959,392.4140666666669,402.17799999999994,370.27335,380.31640000000016,,370.23746666666665,299.26,440.12,108.94849465453544,389.038,330.09000000000003,0.6075388026607539
CPRT,140.79,122.22970000000004,123.52419999999996,137.4532,117.46179999999995,118.97753333333324,,116.37306666666663,100.39,148.33,105.21693771407321,130.507,111.2475,0.5476718403547672
GLW,40.39,39.9169,41.182266666666656,40.91000000000005,38.857,40.392999999999994,,39.0414,30.59,46.25,94.44757639197168,39.767,34.6875,0.3436807095343681
CTVA,45.17,43.188100000000006,44.998799999999996,43.68020000000001,41.42470000000001,44.22373333333333,,42.277399999999986,27.46,49.79,122.96935080878959,35.698,37.3425,0.8070953436807096
COST,452.86,374.3414999999994,375.7332,409.93199999999996,363.8156999999997,365.49679999999995,,361.35493333333324,311.42,452.86,103.75889470262469,404.84600000000006,339.645,0.5188470066518847
CCI,194.96,174.77744999999982,179.60440000000023,196.6521999999999,169.92999999999995,172.04453333333353,,165.69606666666678,146.77,203.28,88.75710984183515,190.80100000000002,152.46,0.25055432372505543
CSX,33.87,31.432691666666663,31.92498888888888,32.24893333333334,30.545991666666666,31.5324,,30.751455555555548,24.6366666666667,34.3866666666667,102.43674434574123,32.02766666666671,25.790000000000024,0.49002217294900224
CMI,239.29,244.47334999999995,250.21373333333318,239.52560000000003,241.58719999999985,248.07926666666646,,243.88346666666664,203.01,275.99,85.95628815214967,263.913,206.9925,0.21286031042128603
CVS,85.39,76.12174999999996,78.69039999999997,83.17920000000008,72.66434999999997,76.38046666666663,,72.08299999999998,55.93,89.81,99.46836657703386,72.709,67.3575,0.43458980044345896
DHI,98.41,84.06379999999996,88.32333333333327,91.59419999999993,81.44859999999997,84.02146666666658,,80.31099999999994,64.95,104.45,101.4565794579787,84.435,78.3375,0.47671840354767187
DHR,318.8,245.18659999999986,251.07613333333322,279.0846000000001,234.51249999999985,237.96433333333314,,232.79126666666653,196.15,318.8,117.24146763046281,254.995,239.10000000000002,0.729490022172949
DRI,140.22,131.99565000000013,138.72000000000017,142.5722,125.23505000000003,133.2405333333334,,125.94600000000004,79.87,150.23,126.34866903979042,103.831,112.67249999999999,0.8337028824833703
DVA,131.61,114.77259999999998,116.51193333333346,123.10159999999998,109.391,114.55206666666678,,110.14013333333344,81.56,133.78,115.34588479656678,106.028,100.33500000000001,0.7028824833702882
DE,383.03,328.5916500000001,351.7294666666667,353.1330000000003,309.7035000000001,333.83706666666683,,312.93166666666684,191.1,394.22,150.04469802817118,248.43,295.665,0.9445676274944568
DAL,39.93,43.087950000000006,44.59379999999997,42.51940000000001,41.7421,44.60113333333329,,42.3629333333333,27.27,51.65,107.73426391042537,35.451,38.7375,0.5920177383592018
XRAY,60.55,59.65202500000001,62.30300000000002,63.26200000000004,57.14665000000003,60.593800000000044,,57.22893333333337,42.0,69.12,104.7982878160239,54.6,51.84,0.5365853658536586
DVN,27.17,21.77465,24.27846666666666,27.76780000000003,19.237399999999994,22.19106666666665,,18.60699999999999,8.1,31.66,174.96219195240766,10.53,23.745,0.9800443458980045
DXCM,506.18,385.64604999999983,399.1504666666668,449.00639999999987,374.1232749999997,376.2169999999999,,366.16843333333316,312.0,523.93,86.78963305802041,405.6,392.9475,0.2261640798226164
FANG,72.54,68.82630000000005,77.68020000000003,84.7652000000001,61.52152500000005,71.46523333333333,,60.276766666666674,24.6,99.6,121.65117648421587,31.980000000000004,74.69999999999999,0.7915742793791575
DLR,161.4,144.98124999999996,147.5063999999999,155.75619999999998,144.2531499999999,143.27453333333324,,141.43353333333326,125.66,163.94,77.95722306841361,163.358,122.955,0.10864745011086474
DFS,134.77,101.8594,108.71940000000002,123.3008000000001,92.53419999999998,101.23053333333338,,91.4641333333334,49.57,135.38,193.7370698478798,64.441,101.535,0.991130820399113
DISCA,28.34,36.53167499999998,39.73646666666665,29.485599999999966,35.452099999999994,39.86289999999998,,38.20419999999999,19.27,77.27,96.98996430601127,25.051000000000002,57.9525,0.3858093126385809
DISCK,26.83,32.20199999999999,34.98073333333334,27.787799999999997,31.057749999999988,34.72716666666667,,33.00699999999999,17.44,66.0,99.86962490375178,22.672000000000004,49.5,0.44567627494456763
DISH,43.13,37.18724999999998,38.816033333333294,41.56300000000001,35.209499999999984,37.22196666666664,,34.663333333333334,24.81,46.53,93.16098747439106,32.253,34.8975,0.3259423503325942
DG,237.84,209.95865,209.16046666666682,222.25119999999995,207.70835000000002,205.80886666666677,,206.68906666666672,178.14,238.22,89.57674579736442,231.582,178.665,0.270509977827051
DLTR,102.29,105.72580000000004,106.12053333333337,99.73479999999998,104.62410000000007,108.20660000000001,,107.23306666666667,85.97,119.26,76.66441520709111,111.761,89.44500000000001,0.09534368070953436
D,78.46,75.91249999999997,75.18619999999997,75.8172,76.49399999999996,75.02906666666665,,76.23813333333331,68.0,86.07,75.38876380974264,88.4,64.5525,0.08425720620842572
DPZ,513.19,412.4220499999998,420.6943333333334,487.2174,397.6263499999999,397.30293333333356,,385.6319333333335,330.24,540.47,94.76841660619984,429.312,405.3525,0.34811529933481156
DOV,173.96,138.00935000000004,143.2578000000001,157.4574,130.46105000000006,135.60373333333337,,129.29526666666666,106.95,173.96,117.5386760701569,139.035,130.47,0.7361419068736141
DOW,63.32,60.658050000000046,62.98073333333341,63.097199999999994,58.648100000000014,61.65153333333339,,58.55633333333335,43.59,70.91,107.66985229912802,56.66700000000001,53.1825,0.5875831485587583
DTE,120.0,111.16344614080006,112.77114672213334,115.813022816,108.68533047999999,110.21897197013331,,108.80131102506667,94.6993824,138.88,91.09984122376801,123.10919712,104.16,0.29490022172949004
DUK,107.81,96.52735000000015,97.94126666666673,102.96519999999992,94.31335000000011,95.27793333333341,,93.87493333333343,79.21,107.93,98.67375789015964,102.973,80.9475,0.42572062084257206
DRE,51.19,43.49655,44.983066666666716,49.63379999999997,41.6836,42.718200000000046,,40.93406666666669,35.66,51.3,99.97343807325592,46.358,38.474999999999994,0.44789356984478934
DD,76.72,74.91904999999996,77.8045333333333,77.44919999999999,72.1959,76.59266666666666,,72.50426666666664,54.3,86.36,100.94054423659587,70.59,64.77,0.4678492239467849
DXC,41.75,30.916399999999975,33.58746666666664,39.831,27.81035,30.562466666666673,,26.80233333333333,16.18,43.42,156.6405137298616,21.034,32.565,0.9578713968957872
EMN,114.73,110.22200000000007,114.39960000000004,115.32959999999999,105.88830000000006,112.38946666666675,,106.01880000000004,70.8,130.03,119.80118031083944,92.04,97.52250000000001,0.7627494456762749
ETN,168.51,135.38964999999996,141.5571999999999,153.16580000000002,127.65514999999998,133.96479999999997,,127.21459999999999,97.38,168.51,126.25749887365146,126.594,126.3825,0.8314855875831486
EBAY,75.25,59.561674999999994,62.65869999999997,68.50420000000001,57.13902500000001,59.10916666666663,,56.08223333333338,46.54,75.25,99.19636352564302,60.502,56.4375,0.43237250554323725
ECL,221.28,214.80905000000027,215.1014666666668,214.0867999999998,212.27240000000023,215.6602666666669,,214.1137333333335,183.59,228.99,85.85476861453037,238.667,171.7425,0.2106430155210643
EIX,57.28,58.916749999999986,57.91473333333332,56.74059999999996,58.6493,58.99126666666665,,59.789933333333295,49.3,65.6,83.63029575745215,64.09,49.199999999999996,0.18181818181818182
EW,114.36,91.42470000000002,93.80146666666661,106.63160000000009,87.14615000000002,89.34259999999993,,85.47513333333329,71.69,115.21,110.21970166005413,93.197,86.4075,0.6274944567627494
EA,140.0,137.94400000000002,140.46233333333336,141.9544,136.18159999999997,139.7309333333333,,135.68699999999998,116.84,148.97,75.35793021693564,151.892,111.72749999999999,0.082039911308204
EMR,103.64,88.68144999999997,92.40919999999998,98.13200000000005,84.03529999999995,88.64693333333334,,83.90933333333328,63.89,104.28,113.14367895050094,83.057,78.21000000000001,0.6718403547671841
ENPH,167.54,159.90570000000005,165.1284000000001,172.7922000000002,147.65964999999997,161.75713333333334,,153.6092666666666,65.05,213.76,168.74566331974427,84.565,160.32,0.9733924611973392
ETR,110.28,101.7937500000001,101.08939999999994,104.49000000000004,101.5689500000001,100.35173333333327,,100.97706666666664,86.81,112.77,82.87460017397463,112.85300000000001,84.5775,0.1662971175166297
EOG,65.92,65.72804999999998,72.03733333333328,77.83379999999997,60.25674999999998,67.64699999999998,,58.881133333333324,31.51,86.65,109.43263128615517,40.963,64.98750000000001,0.6119733924611973
EFX,260.71,202.78130000000016,212.36113333333358,246.43799999999987,188.7260500000001,198.86846666666685,,183.4904666666669,136.6,261.32,119.91066291442245,177.58,195.99,0.7649667405764967
EQIX,822.94,733.1187,738.9665333333334,816.8541999999999,727.36395,714.6041999999999,,707.6367999999999,594.92,841.83,80.58023676093178,773.396,631.3725000000001,0.1419068736141907
EQR,82.63,70.06999999999995,74.0205999999999,81.46039999999998,65.59764999999999,69.36239999999994,,64.6211333333333,46.24,84.88,112.77921232994304,60.112,63.66,0.6696230598669624
ESS,316.27,276.876,288.8812,317.44140000000004,259.5859499999999,272.5782666666666,,257.3485999999999,186.32,331.91,108.55872924354799,242.216,248.9325,0.6008869179600886
EL,327.98,285.54194999999993,297.7432,317.7696,270.3224999999999,283.9026666666666,,270.2589333333333,198.27,333.83,115.88231012477466,257.75100000000003,250.3725,0.7117516629711752
ETSY,190.42,186.96005000000002,197.07200000000003,187.21479999999983,178.54767499999994,193.39886666666675,,185.35683333333336,108.8,244.58,110.97580149275376,141.44,183.435,0.6407982261640798
EVRG,68.8,59.081949999999914,60.44006666666656,63.97599999999999,57.323199999999986,58.36413333333328,,57.077866666666665,49.12,68.8,97.7318764923284,63.856,51.599999999999994,0.3991130820399113
ES,90.81,85.55719999999998,84.7142666666667,84.31039999999999,85.74300000000005,84.63380000000001,,86.57193333333333,77.27,94.43,78.49588172220278,100.451,70.8225,0.11529933481152993
RE,271.68,245.40390000000008,250.5967333333334,252.14540000000008,238.04615000000004,246.7411333333334,,239.86346666666674,196.2,276.95,92.54742185450343,255.06,207.71249999999998,0.3148558758314856
EXC,48.58,43.730374999999974,44.319900000000025,46.087200000000024,42.562774999999974,43.37406666666668,,42.7301,34.48,48.58,98.35713419234352,44.824,36.435,0.4146341463414634
EXPE,144.14,152.97209999999998,162.84973333333326,162.0422,143.70645000000002,157.4202,,145.23860000000005,87.68,185.27,124.25320329315323,113.98400000000001,138.95250000000001,0.8226164079822617
EXPD,,,,,,,,,,,,,,
EXR,,,,,,,,,,,,,,
XOM,,,,,,,,,,,,,,
FFIV,,,,,,,,,,,,,,
FB,,,,,,,,,,,,,,
FAST,,,,,,,,,,,,,,
FRT,,,,,,,,,,,,,,
FDX,,,,,,,,,,,,,,
FIS,,,,,,,,,,,,,,
FITB,,,,,,,,,,,,,,
FE,,,,,,,,,,,,,,
FRC,,,,,,,,,,,,,,
FISV,,,,,,,,,,,,,,
FLT,,,,,,,,,,,,,,
FMC,,,,,,,,,,,,,,
F,,,,,,,,,,,,,,
FTNT,,,,,,,,,,,,,,
FTV,,,,,,,,,,,,,,
FBHS,,,,,,,,,,,,,,
FOXA,,,,,,,,,,,,,,
FOX,,,,,,,,,,,,,,
BEN,,,,,,,,,,,,,,
FCX,,,,,,,,,,,,,,
GPS,,,,,,,,,,,,,,
GRMN,,,,,,,,,,,,,,
IT,,,,,,,,,,,,,,
GNRC,,,,,,,,,,,,,,
GD,,,,,,,,,,,,,,
GE,,,,,,,,,,,,,,
GIS,,,,,,,,,,,,,,
GM,,,,,,,,,,,,,,
GPC,,,,,,,,,,,,,,
GILD,,,,,,,,,,,,,,
GL,,,,,,,,,,,,,,
GPN,,,,,,,,,,,,,,
GS,,,,,,,,,,,,,,
GWW,,,,,,,,,,,,,,
HAL,,,,,,,,,,,,,,
HBI,,,,,,,,,,,,,,
HIG,,,,,,,,,,,,,,
HAS,,,,,,,,,,,,,,
HCA,,,,,,,,,,,,,,
PEAK,,,,,,,,,,,,,,
HSIC,,,,,,,,,,,,,,
HSY,,,,,,,,,,,,,,
HES,,,,,,,,,,,,,,
HPE,,,,,,,,,,,,,,
HLT,,,,,,,,,,,,,,
HOLX,,,,,,,,,,,,,,
HD,335.05,296.22114999999974,304.64459999999974,320.6000000000001,289.25639999999976,293.24613333333303,,286.0289999999998,250.93,341.12,87.87757068066871,326.209,255.84,0.24168514412416853
HON,233.74,214.96699999999998,218.78913333333355,225.5444,206.1412000000001,215.11240000000015,,208.00533333333345,156.17,234.18,111.30498589159394,203.021,175.635,0.6496674057649667
HRL,46.31,47.5934,47.409733333333385,47.34340000000003,47.935250000000025,47.419133333333356,,47.6956,43.97,52.71,66.78830685605772,57.161,39.5325,0.026607538802660754
HST,15.57,15.872800000000009,16.555200000000013,16.7126,15.132400000000002,16.243666666666677,,15.217,10.19,18.43,108.08947371437839,13.247,13.8225,0.5942350332594235
HWM,31.98,29.810400000000012,31.563800000000004,33.3082,27.679900000000018,30.443400000000015,,27.644533333333346,16.44,35.73,139.34829194772175,21.372000000000003,26.7975,0.9090909090909091
HPQ,29.44,27.9431,29.84786666666668,29.279000000000007,26.494800000000005,28.883800000000022,,26.775999999999993,17.35,35.57,123.99267291748346,22.555000000000003,26.677500000000002,0.8203991130820399
HUM,412.16,420.37844999999993,423.1133333333333,438.3636000000004,417.04235000000006,416.32186666666666,,414.3349333333334,375.15,471.22,74.18718293412918,487.695,353.415,0.07317073170731707
HBAN,14.96,14.33252499999998,15.012399999999968,14.279800000000002,13.649774999999984,14.741333333333309,,14.004033333333318,8.67,16.7,115.64195050582123,11.271,12.524999999999999,0.7073170731707317
HII,205.75,190.43945,199.11639999999994,208.42139999999992,182.03094999999993,192.27313333333328,,180.3294666666666,137.83,222.66,95.37513827872391,179.17900000000003,166.995,0.35476718403547675
IEX,227.36,208.2205999999999,213.34193333333317,222.94319999999993,202.33684999999997,207.7066666666666,,201.24099999999999,168.73,228.77,98.29835633950032,219.349,171.57750000000001,0.41019955654101997
IDXX,675.48,536.6345000000002,559.6938666666668,647.9966000000001,496.45250000000016,521.3552000000004,,491.8465333333337,354.2,705.76,132.8504663609377,460.46,529.3199999999999,0.8691796008869179
INFO,120.32,99.52149999999997,102.8067333333333,113.56340000000004,94.25044999999996,97.78553333333329,,93.41133333333333,76.59,120.32,111.14626472314475,99.56700000000001,90.24,0.6430155210643016
ITW,235.2,217.2658,220.96366666666682,227.58960000000008,212.92325,216.3847333333334,,211.96060000000006,190.84,239.06,90.45711849349985,248.092,179.29500000000002,0.2860310421286031
ILMN,524.84,408.9728500000004,433.6923333333335,477.78839999999974,383.29975000000013,407.94300000000044,,380.9230000000004,268.51,524.84,112.04355419419596,349.063,393.63,0.6607538802660754
INCY,73.99,83.40427500000007,82.88029999999998,80.60660000000009,85.16027500000004,84.47736666666665,,84.70796666666665,72.9,100.5,57.38259393213902,94.77000000000001,75.375,0.011086474501108648
IR,52.3,46.99324999999999,48.078066666666686,48.61060000000002,45.13535000000001,47.284400000000005,,45.704533333333345,34.43,52.43,113.58483070054956,44.759,39.3225,0.6762749445676275
INTC,53.47,55.88107499999997,58.523499999999935,55.48299999999998,55.396925,57.56809999999999,,55.619099999999996,44.11,68.26,82.61475852615276,57.343,51.19500000000001,0.16186252771618626
ICE,118.04,113.10360000000003,115.27513333333329,117.53960000000001,110.31254999999999,113.81926666666664,,110.81566666666666,93.77,121.36,85.76493952977656,121.901,91.02,0.2039911308203991
IBM,143.59,132.48170000000007,136.07426666666677,143.64140000000003,129.46845000000008,132.9494000000001,,127.04673333333346,106.65,151.28,87.23421604897959,138.645,113.46000000000001,0.23059866962305986
IP,59.48,54.874949999999956,56.839466666666596,60.24560000000001,52.51609999999998,54.98933333333325,,52.00233333333329,35.18,64.65,122.75995219816953,45.734,48.487500000000004,0.8004434589800443
IPG,37.6,28.53575000000001,30.557866666666644,33.9004,26.08000000000001,28.433733333333326,,25.84699999999999,16.2,37.6,152.990620037375,21.06,28.200000000000003,0.9534368070953437
IFF,155.56,132.98540000000006,140.0942000000001,148.45880000000005,128.2096,133.08566666666673,,125.9004,101.44,156.78,95.38778218993298,131.872,117.58500000000001,0.35698447893569846
INTU,542.94,415.9899499999997,434.6818666666667,503.70259999999985,388.01554999999985,405.40960000000007,,380.06460000000004,300.13,542.94,133.26303237051715,390.169,407.20500000000004,0.8736141906873615
ISRG,1018.24,816.9503999999998,836.099866666667,941.3394000000004,777.9892000000003,798.4629333333335,,769.065,641.95,1032.0,110.92089180178878,834.5350000000001,774.0,0.6385809312638581
IVZ,25.2,23.050750000000026,25.21966666666667,26.13900000000001,21.23180000000001,23.759800000000002,,21.175533333333348,10.02,29.33,180.2387733031551,13.026,21.9975,0.9844789356984479
IPGP,168.6,213.10360000000003,214.07253333333318,202.01620000000005,210.28375,217.9473333333332,,215.95166666666657,150.44,258.58,78.82613265333103,195.572,193.935,0.1197339246119734
IQV,255.29,207.16885,218.78493333333333,245.84520000000023,194.5547499999999,204.8452,,189.90266666666668,148.07,255.29,119.50441386172916,192.49099999999999,191.4675,0.753880266075388
IRM,45.85,36.587549999999986,39.46439999999999,44.30740000000004,34.13639999999999,36.544733333333305,,33.003733333333315,25.49,47.02,114.2850964527603,33.137,35.265,0.6873614190687362
JKHY,177.74,159.15190000000007,159.28693333333342,168.81480000000008,157.38950000000006,156.76493333333335,,155.9788666666667,144.79,199.13,67.47939055170998,188.227,149.3475,0.028824833702882482
J,138.14,122.61705000000016,128.2870000000002,134.3582,117.14215000000013,123.48520000000009,,116.06933333333325,88.44,143.4,116.07652568630206,114.972,107.55000000000001,0.7161862527716186
JBHT,176.81,155.17059999999995,161.95173333333332,165.37180000000004,149.7974,156.45053333333325,,149.1235333333333,121.74,180.47,95.87478768523886,158.262,135.3525,0.36585365853658536
SJM,133.6,124.28549999999991,127.0044666666666,131.44920000000005,121.98234999999997,124.10693333333326,,120.65673333333325,108.29,139.82,88.98837291014516,140.77700000000002,104.865,0.2549889135254989
JNJ,177.84,161.49335000000008,165.51840000000016,168.7933999999999,157.82005000000007,161.93313333333347,,157.62800000000007,137.11,177.84,90.23915065289991,178.24300000000002,133.38,0.2838137472283814
JCI,73.51,58.356550000000055,62.56160000000006,69.34039999999999,54.185050000000025,57.86160000000006,,53.31053333333336,40.11,73.51,136.4440752143353,52.143,55.13250000000001,0.8891352549889135
JPM,158.93,143.78684999999996,152.10279999999997,154.86739999999992,135.72529999999998,146.27019999999993,,136.25546666666665,92.66,166.44,120.50077403363193,120.458,124.83,0.7738359201773836
JNPR,28.67,25.11705000000002,26.180266666666686,27.826000000000022,24.276150000000026,25.131533333333344,,23.925333333333352,19.67,29.05,89.15904408574664,25.571,21.7875,0.25942350332594233
KSU,292.86,242.9432500000001,259.5747333333335,278.7988,229.81785000000002,245.3392666666667,,223.98126666666673,173.26,313.45,119.97540129185882,225.238,235.08749999999998,0.7671840354767184
K,66.02,62.652199999999965,62.56179999999994,64.05000000000001,62.821299999999965,62.20346666666664,,62.17646666666665,56.86,70.91,71.62919121677747,73.918,53.1825,0.05543237250554324
KEY,20.52,19.287799999999994,20.50466666666666,20.398600000000002,18.228999999999996,19.815399999999997,,18.31093333333333,11.54,23.52,124.70378792767333,15.001999999999999,17.64,0.8248337028824834
KEYS,166.65,141.06365000000014,147.22473333333352,156.70659999999995,132.5187000000001,141.0542000000002,,133.64313333333345,90.69,167.07,122.7949839510665,117.897,125.3025,0.8048780487804879
KMB,138.57,134.25195000000005,133.58400000000003,133.5798,135.91230000000007,133.5130000000001,,135.14126666666678,128.33,157.81,66.38307509926406,166.82900000000004,118.3575,0.024390243902439025
KIM,21.63,18.398300000000003,19.797733333333333,21.17779999999998,16.97275,18.575799999999997,,16.85066666666667,10.22,22.3,136.26927422422085,13.286000000000001,16.725,0.8869179600886918
KMI,17.0,16.124899999999997,16.899333333333324,17.964599999999997,15.398950000000003,16.254466666666662,,15.15,11.48,19.14,89.0029491899814,14.924000000000001,14.355,0.2572062084257206
KLAC,329.19,298.53704999999985,314.9721999999998,320.46779999999995,280.4755499999999,303.04153333333323,,284.4161999999998,171.94,355.08,114.88166034936056,223.522,266.31,0.6962305986696231
KHC,38.01,37.72105,39.26116666666667,39.8696,36.55899999999998,38.37893333333332,,36.235933333333314,28.77,44.52,79.97667082298852,37.401,33.39,0.1352549889135255
KR,43.45,35.72399999999998,37.02086666666663,39.764799999999994,34.728149999999985,35.27326666666665,,34.127866666666655,30.58,43.45,91.24518361908456,39.754,32.587500000000006,0.29711751662971175
LHX,234.15,202.50805000000028,207.66146666666685,224.21540000000007,194.79390000000018,199.90973333333352,,192.3548666666668,161.11,234.15,97.50358370985954,209.443,175.6125,0.3968957871396896
LH,306.32,245.40974999999995,259.2176666666666,279.1626000000001,231.54275000000004,242.98073333333335,,230.17886666666672,173.73,306.32,123.33744462155582,225.849,229.74,0.8137472283813747
LRCX,588.87,563.6223499999998,599.3816666666664,627.4278000000002,523.6970749999999,573.5829999999997,,525.0424666666663,293.99,668.0,117.43869786859248,382.187,501.0,0.7339246119733924
LW,66.45,77.08167499999999,78.09303333333332,75.48879999999997,76.71252499999997,79.0620333333333,,76.88003333333329,61.1,85.8,79.17462741376384,79.43,64.35,0.12638580931263857
LVS,39.35,55.74645000000006,55.471066666666715,48.60240000000002,55.99670000000004,57.96266666666671,,57.49520000000004,38.86,66.2,62.3400248644496,50.518,49.650000000000006,0.015521064301552107
LEG,49.53,47.163400000000046,48.656799999999976,50.050800000000024,46.33675,47.49373333333333,,45.52540000000001,39.21,57.95,92.11501931785544,50.973000000000006,43.462500000000006,0.30376940133037694
LDOS,97.89,101.43645000000002,101.82600000000005,102.9214,99.43025000000003,102.20000000000007,,99.8328,79.34,112.7,80.23090733459587,103.14200000000001,84.525,0.13747228381374724
LEN,108.76,90.94424999999997,96.06773333333322,99.87920000000003,87.73144999999997,90.91273333333326,,86.8346666666666,70.23,108.84,106.68577327437268,91.299,81.63,0.5764966740576497
LLY,269.94,195.61454999999995,209.70033333333313,238.6353999999999,180.9489499999998,193.1352666666665,,177.6763999999999,130.46,269.94,134.67633516435157,169.598,202.45499999999998,0.8802660753880266
LNC,68.75,57.92095000000003,61.63633333333334,63.82979999999998,53.61675000000003,59.215399999999974,,53.84739999999997,30.14,71.13,138.3788727187152,39.182,53.3475,0.9046563192904656
LIN,311.35,273.8439999999998,280.7585999999999,294.41740000000004,264.53849999999983,272.7123333333331,,262.72586666666643,216.91,311.35,94.7474434141804,281.983,233.51250000000002,0.3458980044345898
LYV,81.14,79.34780000000005,83.26213333333341,84.09440000000008,75.46695000000004,81.45306666666671,,75.59293333333338,48.8,92.86,120.5383443559376,63.44,69.645,0.7827050997782705
LKQ,50.53,42.99255000000002,45.364366666666655,49.90899999999998,40.013625,42.635499999999986,,39.554166666666674,27.08,52.11,121.93028047897585,35.204,39.082499999999996,0.7937915742793792
LMT,360.25,365.12185,366.72740000000016,376.3401999999998,366.4583,363.3822000000002,,360.4420666666667,321.82,398.07,70.01993728612274,418.366,298.5525,0.04656319290465632
L,55.45,50.474250000000005,53.061533333333365,54.65780000000006,47.72995000000001,51.101800000000026,,47.70073333333336,33.26,58.93,113.91381619328602,43.238,44.1975,0.6784922394678492
LOW,193.48,179.84034999999997,186.75179999999992,192.50359999999998,176.12359999999993,180.238,,174.37786666666665,146.74,211.31,92.33708373950269,190.76200000000003,158.48250000000002,0.3082039911308204
LUMN,12.06,12.353249999999992,13.146800000000002,13.315400000000013,11.958899999999995,12.676066666666667,,11.738666666666667,8.62,15.36,84.4201698846306,11.206,11.52,0.19068736141906872
LYB,103.42,98.83694999999985,103.36420000000001,102.1356,95.20954999999991,101.48886666666667,,95.43859999999998,65.48,117.86,114.08970865099057,85.12400000000001,88.395,0.6829268292682927
MTB,139.08,142.65300000000005,149.35886666666667,142.44520000000003,136.9948,147.62813333333338,,139.1242666666667,90.06,167.27,98.67182018584796,117.078,125.45250000000001,0.42350332594235035
MRO,11.67,10.000649999999997,11.299399999999997,12.645999999999997,8.870500000000002,10.29686666666667,,8.600466666666671,3.85,14.17,149.02935395627856,5.005,10.6275,0.9401330376940134
MPC,58.38,51.45304999999997,55.47373333333333,58.418600000000005,47.60854999999999,52.69500000000002,,47.146000000000015,27.5,64.09,114.19241608460314,35.75,48.0675,0.6851441241685144
MKTX,470.05,508.543,494.59373333333343,462.94199999999995,514.5908499999999,512.2614666666667,,529.5668666666668,432.89,590.32,70.98793725661142,562.757,442.74,0.050997782705099776
MAR,133.13,136.24285000000015,140.72500000000025,140.24519999999993,129.9472250000001,138.77706666666683,,132.0829333333334,89.97,157.5,105.14676403884032,116.961,118.125,0.5454545454545454
MMC,153.53,125.68635000000006,129.73080000000007,143.13680000000005,121.02455000000002,123.75786666666669,,118.31293333333335,102.95,153.53,99.62141753808079,133.835,115.14750000000001,0.43680709534368073
MLM,380.83,326.90369999999973,344.5969999999996,357.0863999999999,310.27039999999977,328.5620666666664,,310.47279999999984,202.87,390.42,133.03209471286706,263.731,292.815,0.8713968957871396
MAS,62.93,58.01765,59.12760000000003,59.19459999999994,57.461549999999995,58.10940000000001,,57.32266666666666,51.59,67.11,80.37704973621203,67.06700000000001,50.332499999999996,0.13968957871396895
MA,363.56,356.6965500000001,364.3968000000002,373.7667999999999,350.57520000000005,357.4045333333335,,348.65086666666673,288.64,395.65,83.23044941519176,375.23199999999997,296.73749999999995,0.17738359201773837
MKC,87.38,89.4006500000001,88.18286666666673,86.58179999999997,91.04562500000002,89.7192666666667,,90.80163333333333,82.9,104.89,65.30836671872588,107.77000000000001,78.6675,0.022172949002217297
MXIM,100.01,92.84567500000004,95.99410000000007,100.73579999999998,88.57592500000005,93.61230000000006,,88.46450000000007,64.6,105.36,109.62405705481171,83.97999999999999,79.02,0.6164079822616408
MCD,240.97,223.4972999999997,226.7909333333331,235.69840000000005,221.41489999999988,221.8889333333333,,218.9822666666667,204.84,246.35,87.30228906929143,266.29200000000003,184.7625,0.2328159645232816
MCK,199.95,186.13309999999993,190.1045333333336,194.7203999999999,179.36989999999997,186.06246666666684,,180.75266666666676,143.79,206.42,97.02965799788973,186.927,154.815,0.38802660753880264
MDT,129.59,120.27705000000006,122.94486666666668,126.62740000000002,117.09640000000002,120.40906666666669,,117.13333333333334,98.73,131.5,96.18126561199841,128.34900000000002,98.625,0.37028824833702884
MRK,77.93,77.78135000000006,76.81173333333344,76.63300000000001,78.33205000000004,77.69060000000007,,78.3124666666667,72.17,86.93,69.50825691267983,93.82100000000001,65.1975,0.04212860310421286
MET,61.98,56.207099999999954,59.7169333333333,60.03159999999993,53.22799999999998,57.41753333333328,,53.34499999999997,35.75,67.16,120.51690919129823,46.475,50.37,0.7782705099778271
MTD,1558.91,1243.9635500000002,1278.502400000001,1424.513,1175.3162500000003,1215.5823333333337,,1169.1425333333336,947.62,1558.91,122.79254950669618,1231.906,1169.1825000000001,0.802660753880266
MGM,39.42,36.08505,38.76946666666667,40.666799999999995,33.5263,37.07820000000001,,33.28246666666666,20.1,44.16,139.38999051361174,26.130000000000003,33.12,0.9113082039911308
MCHP,150.41,145.36015,149.57219999999998,146.378,140.04930000000004,148.8952666666667,,142.3172,97.65,163.82,110.01372758029278,126.94500000000001,122.865,0.6208425720620843
MU,70.93,79.03257500000001,83.33143333333335,78.41699999999997,75.194875,82.45736666666672,,77.3957,42.66,95.59,118.58290117139123,55.458,71.6925,0.7494456762749445
MSFT,294.6,243.69962499999986,253.01016666666638,275.9032999999999,233.02127499999995,240.01983333333294,,230.8069333333332,200.39,294.6,105.91499343311479,260.507,220.95000000000002,0.5565410199556541
MAA,189.55,148.71474999999992,156.76273333333327,179.5553999999998,138.89094999999995,144.67699999999994,,135.7615333333333,112.39,195.15,123.49197550225908,146.107,146.3625,0.8159645232815964
MRNA,373.86,177.914925,199.09643333333318,286.34009999999995,139.4856499999999,160.19273333333317,,134.9830666666666,54.34,484.47,405.15872817337043,70.64200000000001,363.3525,1.0
MHK,207.44,174.56710000000004,189.32873333333328,194.0771999999999,160.77980000000002,177.8004,,161.7047333333333,89.85,229.74,171.11288116733292,116.80499999999999,172.305,0.9778270509977827
TAP,50.38,50.230499999999985,52.1123333333333,53.02939999999998,47.90979999999995,51.36379999999996,,47.86353333333331,32.65,60.74,100.92039386820323,42.445,45.555,0.4656319290465632
MDLZ,63.69,59.339725000000044,60.00976666666669,63.17199999999998,58.37742500000003,58.96003333333338,,57.61690000000002,52.94,65.23,85.19061729492856,68.822,48.9225,0.19955654101995565
MPWR,458.53,360.7186249999998,370.1051000000003,395.08500000000015,342.0269749999998,354.7771000000003,,347.77370000000013,237.03,466.43,123.19616802433104,308.139,349.8225,0.8093126385809313
MNST,98.42,90.78610000000008,92.2034666666667,93.36319999999996,88.69910000000006,91.26766666666668,,89.07726666666669,76.57,98.79,89.16197691042461,99.541,74.0925,0.2616407982261641
MCO,384.44,312.2372499999999,323.6234666666666,368.6240000000006,298.39995000000005,304.57713333333317,,289.95346666666666,261.86,386.84,102.47416432891829,340.418,290.13,0.49445676274944567
MS,103.72,79.06070000000004,84.65533333333339,93.37979999999995,72.26750000000006,79.01040000000008,,71.84393333333338,46.42,104.67,152.9104481180388,60.346000000000004,78.5025,0.9512195121951219
MOS,32.47,29.211799999999993,31.851933333333328,31.613800000000005,27.413550000000004,30.275733333333342,,27.355200000000004,16.75,37.55,137.520276741701,21.775000000000002,28.162499999999998,0.8913525498891353
MSI,234.9,190.1889499999999,197.35953333333316,219.61420000000024,181.30164999999994,186.83013333333315,,178.26499999999984,147.36,234.9,120.51082883161386,191.568,176.175,0.7760532150776053
MSCI,630.21,462.2600500000001,478.35286666666684,556.4268000000001,427.7806499999999,447.4561333333333,,424.19073333333336,339.25,630.21,131.73691278357353,441.02500000000003,472.6575,0.8647450110864745
NDAQ,192.17,152.8683500000001,161.0530000000001,180.73320000000007,144.25930000000005,150.42366666666675,,141.26960000000008,119.73,192.17,111.48861358205149,155.649,144.1275,0.6541019955654102
NTAP,81.8,70.34477499999998,74.71636666666666,80.96340000000001,65.161225,71.34303333333334,,64.85776666666669,41.0,83.63,149.6996476563323,53.300000000000004,62.7225,0.9423503325942351
NFLX,517.92,517.1824500000001,521.8706666666668,517.4778000000002,514.8738999999999,520.1618,,517.1982666666667,469.96,586.34,81.17514417749149,610.948,439.755,0.15077605321507762
NWL,25.76,24.941149999999983,26.387833333333337,26.630999999999993,23.664425,25.420300000000005,,23.72620000000001,15.73,29.34,114.82664616805569,20.449,22.005,0.6940133037694013
NEM,58.88,62.7249,63.03746666666668,63.107800000000026,62.8408,62.92806666666669,,61.88046666666665,54.38,74.38,65.125632154172,70.694,55.785,0.019955654101995565
NWSA,23.6,22.853249999999992,24.711733333333328,25.12759999999998,21.337225,23.466533333333338,,21.326466666666672,12.97,27.64,118.00023746015648,16.861,20.73,0.7427937915742794
NWS,22.91,21.915,23.479800000000015,23.9036,20.55037500000001,22.427200000000013,,20.55613333333334,12.88,25.95,114.0223492708412,16.744000000000003,19.4625,0.6807095343680709
NEE,83.95,76.40160000000009,76.77240000000015,76.35079999999999,75.63548750000007,76.15226666666678,,76.56228333333341,68.3275,86.87,89.70822674687292,88.82575,65.1525,0.2727272727272727
NLSN,22.92,23.01190000000002,24.794333333333334,24.362000000000037,21.610250000000004,23.957066666666663,,21.760333333333328,13.51,28.1,112.15245870196978,17.563,21.075000000000003,0.6651884700665188
NKE,172.36,140.82205,142.5975333333333,155.01739999999995,135.06575,137.5778666666666,,135.66973333333337,105.66,173.85,123.32426861700804,137.358,130.3875,0.811529933481153
NI,25.64,24.090400000000027,24.332466666666697,25.261800000000004,23.731600000000025,23.871733333333374,,23.59913333333337,21.26,26.47,80.90099752729405,27.638,19.8525,0.14855875831485588
NSC,269.73,257.4895999999999,264.9425999999998,263.9936,250.78429999999983,260.3491999999997,,251.21513333333303,198.11,290.35,97.87198961125864,257.543,217.76250000000002,0.4035476718403548
NTRS,116.31,104.14674999999988,108.50240000000007,114.42219999999996,99.51169999999995,104.51646666666672,,98.50500000000001,75.22,121.5,106.47921645530216,97.786,91.125,0.5698447893569845
NOC,368.62,330.4281000000002,339.6984666666669,366.27160000000026,323.5799500000001,327.3978000000002,,314.7466666666669,286.61,377.51,82.02180386209193,372.593,283.1325,0.15964523281596452
NLOK,25.88,22.740325,23.656999999999982,26.5114,22.045299999999997,22.60326666666665,,21.057099999999995,18.11,28.67,85.81280426607381,23.543,21.5025,0.20842572062084258
NCLH,24.63,26.641449999999995,27.930933333333336,27.49,25.436049999999987,27.939866666666656,,25.450800000000005,14.63,33.71,120.98971716030672,19.019000000000002,25.2825,0.7849223946784922
NOV,12.87,14.294049999999991,14.819199999999988,14.780199999999997,13.632899999999998,14.84373333333333,,13.65886666666667,8.01,17.95,76.25187758493396,10.413,13.462499999999999,0.08869179600886919
NRG,43.08,37.46605,38.743533333333325,40.089,36.023150000000015,37.46300000000001,,36.59359999999998,28.52,43.93,92.26216866846778,37.076,32.9475,0.30598669623059865
NUE,124.28,75.93110000000003,83.43720000000002,101.11440000000005,67.96560000000002,74.23226666666669,,64.19633333333336,44.67,126.17,202.62210281213515,58.071000000000005,94.6275,0.9955654101995566
NVDA,199.5,152.35740000000004,158.91281666666674,193.32165000000026,143.11973750000004,146.36148333333338,,136.99016666666674,115.9325,206.985,122.25200900567619,150.71225,155.23875,0.7960088691796009
NVR,5252.1,4620.356899999995,4794.048799999992,4985.0904000000055,4486.450049999997,4593.639399999994,,4461.125933333328,3853.15,5313.57,95.78340253409388,5009.095,3985.1775,0.36363636363636365
NXPI,213.18,185.11380000000008,195.12879999999996,202.8926,174.52105000000003,186.83346666666665,,174.91526666666664,119.16,218.42,129.13814448913283,154.908,163.815,0.8470066518847007
ORLY,603.9,506.1358500000003,524.1376666666672,578.9089999999998,485.22470000000044,495.60060000000067,,477.5117333333339,425.47,620.92,97.24988683726505,553.1110000000001,465.68999999999994,0.3924611973392461
OXY,24.79,23.84209999999998,26.50433333333334,28.27379999999997,21.42565,24.8564,,21.324466666666677,8.88,32.91,134.73240628603875,11.544000000000002,24.682499999999997,0.8824833702882483
ODFL,281.68,232.52394999999996,243.26866666666675,259.56080000000014,221.93659999999997,230.77213333333327,,219.4459333333334,178.61,281.68,110.18290916088812,232.193,211.26,0.6252771618625277
OMC,75.77,71.89555000000001,75.80140000000004,77.59140000000004,68.37414999999999,73.48273333333336,,68.0896,45.8,84.96,106.41321804395474,59.54,63.72,0.5676274944567627
OKE,51.75,47.10759999999996,50.70773333333336,54.25899999999997,43.41385,48.02506666666668,,43.27806666666668,24.48,57.52,135.000271670518,31.824,43.14,0.88470066518847
ORCL,90.82,71.52774999999998,75.40066666666665,84.93380000000005,67.36654999999998,70.34146666666663,,65.79286666666668,53.99,90.82,127.1718062038379,70.18700000000001,68.115,0.8403547671840355
OGN,34.33,,,30.1298,,,,,28.45,37.0,,36.985,27.75,
OTIS,91.9,72.50725000000001,74.86720000000003,84.97400000000002,68.93860000000001,70.60426666666672,,67.43193333333333,58.99,91.9,108.62498407210037,76.68700000000001,68.92500000000001,0.6031042128603105
PCAR,81.16,90.29062500000002,91.34370000000001,86.69099999999997,90.61502500000002,91.64810000000001,,91.32636666666666,79.75,99.6,69.7953400900509,103.675,74.69999999999999,0.04434589800443459
PKG,146.09,137.86910000000006,139.70333333333343,138.25140000000002,134.10670000000007,139.23040000000012,,135.8325333333334,95.96,155.13,111.30128212711625,124.74799999999999,116.3475,0.647450110864745
PH,299.0,291.7935999999999,301.1673333333332,301.9718,278.44669999999996,295.1653333333332,,283.0803999999999,195.47,321.84,108.29514438993692,254.11100000000002,241.38,0.5964523281596452
PAYX,118.19,98.02575,100.1248,109.81099999999998,93.31685000000003,96.24686666666665,,92.97240000000001,73.91,118.19,120.01587617049793,96.083,88.6425,0.7694013303769401
PAYC,473.44,387.828,378.7972666666663,386.0360000000006,377.95450000000005,383.9585999999998,,391.5573999999999,265.49,473.44,119.68612615624951,345.137,355.08,0.7605321507760532
PYPL,278.28,252.908125,266.0466333333333,285.92339999999984,239.2891249999999,254.01563333333326,,238.4198333333333,175.79,308.53,107.17820742913129,228.527,231.39749999999998,0.5831485587583148
PENN,67.86,88.47547500000006,92.71853333333328,73.57020000000006,88.03652500000007,95.34103333333329,,92.34079999999997,51.1,136.47,96.12565718408015,66.43,102.35249999999999,0.36807095343680707
PNR,80.3,61.4008,64.38593333333326,70.39040000000003,57.80290000000001,60.43139999999997,,57.279399999999974,43.45,80.3,133.98128926241125,56.48500000000001,60.224999999999994,0.8780487804878049
PBCT,16.21,16.023675,17.11856666666667,16.758600000000015,15.221975000000002,16.5441,,15.294166666666682,9.88,19.41,109.71159052070674,12.844000000000001,14.557500000000001,0.6186252771618626
PEP,158.05,143.98217499999993,144.17123333333322,151.664,141.48482499999994,142.28189999999987,,140.89476666666667,128.83,158.05,86.63431007115871,167.479,118.53750000000001,0.22394678492239467
PKI,184.61,143.53394999999998,145.0910666666667,161.57479999999998,136.84940000000003,140.1844666666667,,136.4427333333334,112.01,187.05,116.62525349488446,145.613,140.28750000000002,0.720620842572062
PRGO,41.01,44.76745,44.17906666666666,46.61499999999999,44.6482,44.17953333333333,,44.076200000000014,40.15,54.76,56.617279749387286,52.195,41.07,0.0066518847006651885
PFE,48.91,38.1284975732,38.38353333333332,41.47819999999997,36.94735150419999,37.52753333333333,,36.80094696453334,33.44360544,48.91,101.71159138850929,43.476687072,36.6825,0.4789356984478936
PM,102.39,89.29989999999994,92.69593333333341,99.13640000000007,85.95864999999998,89.45626666666675,,84.64526666666673,70.04,102.39,98.91003804181994,91.052,76.7925,0.4279379157427938
PSX,71.85,76.46415000000009,80.79180000000011,80.94139999999992,73.04055000000008,79.43686666666677,,72.70413333333343,44.22,92.56,87.105050207424,57.486,69.42,0.22838137472283815
PNW,80.14,81.63844999999998,81.49926666666657,83.4229999999999,81.11004999999996,80.88899999999994,,80.94113333333333,69.93,90.9,79.30099727929549,90.909,68.17500000000001,0.1286031042128603
PXD,147.59,139.3184,150.7644,154.79840000000002,130.3906,144.14246666666668,,129.70459999999997,77.34,170.71,102.7329569439,100.542,128.0325,0.5033259423503326
PNC,189.65,168.97545000000005,179.5847333333334,187.48940000000002,157.97715000000008,171.76546666666673,,157.84633333333338,102.48,199.38,129.9516799827399,133.22400000000002,149.535,0.8514412416851441
POOL,493.4,391.1155499999999,404.2416,462.3608000000001,371.5895499999999,381.55213333333336,,362.80146666666656,293.12,493.4,114.4100698207245,381.05600000000004,370.04999999999995,0.6917960088691796
PPG,169.39,155.80529999999993,159.97299999999987,168.9570000000002,150.2634,155.88346666666664,,148.5527333333333,118.23,182.33,107.68508047620806,153.699,136.7475,0.5898004434589801
PPL,29.35,28.445600000000013,28.493866666666683,28.50779999999998,28.341300000000015,28.350000000000023,,28.37393333333336,25.91,30.68,77.04390504085534,33.683,23.009999999999998,0.09977827050997783
PFG,66.65,57.71454999999998,60.92673333333334,63.15619999999994,54.50549999999998,58.32400000000001,,54.446533333333335,37.79,67.18,113.48536350969403,49.127,50.385000000000005,0.6740576496674058
PG,144.64,135.35719999999995,134.19939999999994,137.91299999999987,135.36104999999998,133.70059999999998,,134.8699333333333,122.15,144.64,80.69967531274747,158.79500000000002,108.47999999999999,0.14412416851441243
PGR,97.1,94.97205000000005,95.22206666666672,95.91860000000004,94.85880000000004,94.95140000000005,,94.3714666666667,85.13,107.1,82.6384641715196,110.669,80.32499999999999,0.164079822616408
PLD,133.69,110.25709999999995,113.9002666666667,125.65699999999998,106.48739999999994,108.00320000000008,,104.0721333333334,93.91,133.69,96.98670318581392,122.083,100.2675,0.3835920177383592
PRU,107.32,91.06415000000007,96.22346666666661,102.30660000000003,85.80455000000002,91.69573333333331,,84.84926666666668,61.45,108.51,116.82373401268242,79.885,81.38250000000001,0.7250554323725056
PTC,130.16,129.37114999999997,136.51426666666669,138.72799999999995,121.40410000000001,132.0136666666667,,123.47846666666669,80.28,152.69,111.54064613415764,104.364,114.5175,0.656319290465632
PEG,64.82,59.750099999999975,60.361933333333354,61.43860000000001,58.98244999999997,59.38146666666666,,59.06779999999996,51.0,64.82,89.5541275844749,66.3,48.614999999999995,0.2682926829268293
PSA,318.11,259.1649499999999,270.0283333333332,306.1894,247.12774999999993,253.23259999999965,,240.5091333333332,197.43,318.11,120.23379859924381,256.659,238.5825,0.7716186252771619
PHM,54.62,49.94384999999999,52.20786666666667,53.832999999999956,48.875,50.21493333333334,,47.87466666666666,40.64,62.35,88.9356086504516,52.832,46.7625,0.25277161862527714
PVH,112.8,99.72690000000003,104.80939999999997,106.58259999999997,93.54535000000004,102.60566666666665,,94.43220000000002,50.13,118.67,156.01348629497406,65.16900000000001,89.0025,0.9556541019955654
QRVO,187.57,175.98695000000004,182.77686666666685,188.5633999999999,167.42295000000004,177.57826666666676,,168.86813333333342,114.11,199.54,105.97354858421548,148.34300000000002,149.655,0.5587583148558758
PWR,96.97,83.4716,88.21526666666666,90.6978,78.62584999999996,84.37799999999997,,79.10626666666666,49.22,100.6,144.33838851306305,63.986000000000004,75.44999999999999,0.9290465631929047
QCOM,148.13,141.67770000000002,140.0276,141.21379999999996,138.40314999999998,141.31326666666666,,141.45526666666666,109.77,164.78,99.82751413647838,142.701,123.58500000000001,0.4434589800443459
DGX,151.35,128.29399999999993,130.07879999999983,136.17600000000007,124.94189999999992,126.47239999999987,,125.3137999999999,107.05,151.35,95.35069188088686,139.165,113.51249999999999,0.352549889135255
RL,122.5,112.23745000000001,119.36259999999997,117.08759999999997,106.02994999999996,116.44386666666661,,107.7745333333333,66.85,139.64,130.62085524115,86.905,104.72999999999999,0.8558758314855875
RJF,137.8,115.97749999999988,124.4166666666666,130.85200000000003,107.88194999999996,117.29933333333337,,107.79359999999998,69.09,139.16,138.45960877552545,89.81700000000001,104.37,0.9068736141906873
RTX,87.14,77.63534999999995,80.65399999999991,86.7248,73.74359999999997,77.72286666666662,,72.9253333333333,52.34,89.45,104.95136621135264,68.042,67.0875,0.541019955654102
O,72.52,64.57229999999998,65.84519999999996,69.43499999999996,63.25474999999996,64.01013333333327,,62.36466666666662,57.78,72.52,88.45632515110907,75.114,54.39,0.24611973392461198
REG,65.56,56.11935000000001,59.80456666666672,65.21160000000003,52.232375000000026,56.18940000000005,,51.41300000000004,34.05,68.2,116.01933459744218,44.265,51.150000000000006,0.7139689578713969
REGN,628.6,516.5371999999998,517.1504666666664,569.4067999999999,514.9428499999999,497.9580666666665,,503.60186666666647,446.73,629.63,76.55865776161788,580.749,472.22249999999997,0.09312638580931264
RF,20.33,19.26785,20.53266666666667,20.029600000000002,18.208500000000004,19.84906666666667,,18.41206666666667,10.75,23.62,131.70103623946127,13.975,17.715,0.8625277161862528
RSG,121.72,102.20565,104.18099999999995,113.39380000000001,98.79864999999992,100.15499999999993,,97.4205333333333,86.71,121.72,102.47272291683575,112.723,91.28999999999999,0.49223946784922396
RMD,280.24,215.3592999999999,217.03146666666666,251.50679999999994,202.59619999999993,207.1123333333333,,201.85213333333323,167.5,280.24,115.64512355048986,217.75,210.18,0.7095343680709535
RHI,103.79,78.07974999999999,83.46539999999993,91.87660000000001,72.36359999999999,77.59913333333328,,71.3489333333333,48.82,103.79,137.97326868546713,63.466,77.8425,0.9002217294900222
ROK,319.42,265.31814999999995,270.96173333333337,293.9073999999998,255.02870000000007,260.68666666666667,,254.1986666666667,209.08,319.42,103.44056798080207,271.80400000000003,239.565,0.5121951219512195
ROL,37.58,36.33994999999997,35.505866666666634,35.67280000000001,36.44678333333331,35.81784444444443,,36.92433333333332,31.9,42.1933333333333,77.66685941092722,41.47,31.644999999999975,0.10421286031042129
ROP,485.19,429.4509000000003,435.33166666666625,475.65,417.9236500000001,422.8821333333331,,412.12559999999985,367.5,496.63,83.18125454025996,477.75,372.47249999999997,0.1729490022172949
ROST,124.8,119.19402499999998,121.99803333333334,121.80999999999993,114.97042499999996,120.85770000000004,,116.44809999999998,85.17,132.96,97.13681649860149,110.721,99.72,0.3902439024390244
RCL,78.43,80.22719999999997,82.71553333333331,81.999,78.06744999999997,82.23766666666664,,77.63819999999996,53.12,96.98,98.34665669242804,69.056,72.735,0.4124168514412417
SPGI,446.11,363.41705000000053,373.93026666666645,414.1466000000003,352.5583500000002,355.0753999999997,,343.9579999999998,305.95,446.11,94.43351030174017,397.735,334.5825,0.34146341463414637
CRM,249.2,232.0154499999998,230.80233333333317,243.92399999999998,233.0210999999999,226.93759999999986,,229.1606666666666,196.74,281.25,95.75865564788108,255.76200000000003,210.9375,0.3614190687361419
SBAC,352.45,292.32179999999994,295.01973333333336,331.00820000000016,288.00344999999993,282.90886666666665,,279.4633333333333,235.92,353.81,86.58371878908649,306.69599999999997,265.3575,0.22172949002217296
SLB,27.78,26.861999999999995,28.87493333333332,30.777800000000017,24.9815,27.665599999999994,,24.470933333333328,14.18,36.52,104.95613324957094,18.434,27.39,0.5432372505543237
STX,90.71,76.63294999999995,82.53396666666664,89.07480000000004,71.07977499999997,77.57893333333331,,69.69476666666662,44.84,104.23,152.73251225412704,58.29200000000001,78.1725,0.9490022172949002
SEE,60.46,49.55359999999997,51.244133333333295,57.80020000000004,47.071799999999975,48.94506666666664,,45.84519999999998,37.02,60.65,110.64597429464366,48.126000000000005,45.4875,0.6341463414634146
SRE,133.57,130.69250000000008,131.41626666666681,134.3476,129.5114000000001,130.4345333333335,,129.09186666666682,114.5,144.06,77.86792350969624,148.85,108.045,0.10643015521064302
NOW,580.22,528.14455,529.0205999999998,553.9886,516.5373500000001,521.6503333333335,,521.7294000000002,437.13,595.5,99.15844264315858,568.269,446.625,0.43015521064301554
SHW,307.76,257.95818333333324,263.52737777777753,282.2721999999999,249.40969999999976,254.51075555555516,,246.38775555555523,219.8533333333333,307.76,104.0240066522433,285.8093333333333,230.82,0.5232815964523282
SPG,130.97,109.31089999999999,118.62806666666665,129.535,100.26754999999999,110.55320000000005,,98.63499999999996,60.76,135.71,145.2237008680718,78.988,101.7825,0.9312638580931264
SWKS,181.67,170.86212500000008,179.05733333333336,183.4786000000002,164.86067500000001,171.6680666666667,,165.39230000000003,130.84,199.66,94.01245559897653,170.092,149.745,0.3392461197339246
SNA,231.63,209.00095000000002,221.46526666666668,225.21160000000017,198.77789999999996,211.80880000000005,,197.98486666666668,140.92,255.64,114.34806868971901,183.196,191.73,0.6895787139689579
SO,66.38,61.95729999999996,62.321999999999974,63.15160000000001,60.968449999999976,61.728466666666606,,61.28259999999998,51.56,66.42,93.64318154047082,67.028,49.815,0.3370288248337029
LUV,50.11,53.22205000000002,55.88206666666665,52.96280000000006,51.47265000000003,55.00506666666666,,52.10020000000002,33.81,64.1,112.04743044984937,43.953,48.074999999999996,0.6629711751662971
SWK,200.49,192.43445000000014,196.9691333333332,202.19540000000023,187.6331500000001,192.3571999999999,,186.75553333333326,154.43,220.69,94.86808851251428,200.75900000000001,165.51749999999998,0.35033259423503327
SBUX,117.54,108.33800000000005,111.38926666666674,116.34760000000006,103.70785000000004,108.20100000000001,,104.2354666666667,77.07,126.06,112.55277874611151,100.19099999999999,94.545,0.6674057649667405
STT,90.06,79.29329999999999,82.23226666666667,84.93799999999997,75.85505,79.71133333333336,,76.03166666666667,57.68,92.01,98.37523047713101,74.98400000000001,69.00750000000001,0.41685144124168516
STE,221.96,195.38420000000016,197.64560000000017,208.86840000000004,190.57450000000014,192.97400000000027,,190.57786666666692,153.12,221.96,106.12997133636945,199.056,166.47,0.565410199556541
SYK,265.05,246.39420000000007,251.25920000000013,260.759,239.33965000000003,246.4613333333333,,239.4868666666666,186.1,270.94,106.00338741740278,241.93,203.20499999999998,0.5609756097560976
SIVB,581.38,492.09570000000036,537.6034000000003,566.1633999999999,447.3846000000001,499.72666666666686,,449.2884666666667,225.51,606.83,178.89379481676596,293.163,455.12250000000006,0.9822616407982262
SYF,51.46,40.64150000000002,43.65133333333334,48.40300000000002,37.61575000000001,40.835200000000015,,36.81633333333335,23.91,51.81,159.7693564226825,31.083000000000002,38.8575,0.9645232815964523
SNPS,294.42,254.38249999999982,260.14633333333325,277.3888,244.64109999999985,252.90219999999988,,244.96026666666648,197.86,294.42,111.17425099511007,257.218,220.815,0.6452328159645233
SYY,79.33,76.58080000000001,78.32300000000001,75.6852,75.05575,78.3348,,75.78599999999999,54.79,86.26,100.45829261153145,71.227,64.69500000000001,0.45454545454545453
TMUS,140.73,133.1686500000001,134.79240000000019,145.21639999999996,128.6228,132.30373333333335,,127.45413333333337,109.0,149.41,91.0345632756697,141.70000000000002,112.0575,0.2926829268292683
TROW,216.11,171.28005000000005,181.09480000000008,202.14640000000014,160.50495000000006,169.30560000000008,,158.2485333333334,119.89,217.29,121.03977535931814,155.857,162.9675,0.7871396895787139
TTWO,160.35,180.07660000000004,179.25873333333342,171.67140000000006,179.70415000000008,184.77820000000008,,181.79873333333347,153.53,213.34,69.18831342346803,199.589,160.005,0.037694013303769404
TPR,43.82,38.681599999999996,41.98873333333335,42.24980000000004,35.28489999999999,39.81406666666667,,36.117799999999995,14.36,49.12,209.27344703582915,18.668,36.839999999999996,0.9977827050997783
TGT,263.15,204.24995,215.19573333333344,248.66820000000004,189.99195,199.62406666666664,,185.43646666666666,136.9,264.07,143.9104458510866,177.97000000000003,198.0525,0.9246119733924612
TEL,153.44,129.02585000000002,133.84819999999993,139.6506,123.0543,129.34326666666664,,123.58353333333339,92.39,153.44,122.41544263053605,120.107,115.08,0.7982261640798226
TDY,454.82,404.6518,414.953066666667,435.4666000000003,386.75795,402.93986666666706,,389.0432000000003,306.95,458.18,104.07549244586112,399.035,343.635,0.5254988913525499
TFX,372.35,396.58234999999985,402.4877333333335,395.1964,390.45295,403.36026666666663,,394.6668,318.23,443.85,75.11999745856944,413.699,332.88750000000005,0.07538802660753881
TER,118.47,122.68645000000008,126.39153333333346,126.33880000000005,116.730775,125.38140000000001,,118.99426666666673,74.92,143.64,97.3727986898403,97.396,107.72999999999999,0.3946784922394678
TSLA,686.17,663.9089500000002,692.5903333333338,660.6874000000006,627.5771000000001,690.7441333333339,,653.8177333333336,330.21,883.09,141.2982839522162,429.27299999999997,662.3175,0.9157427937915743
TXN,189.85,177.2592249999997,183.13649999999978,189.08520000000019,170.9031749999999,178.14743333333317,,170.8810333333332,135.16,196.93,103.7943945828955,175.708,147.6975,0.5210643015521065
TXT,73.59,56.82314999999996,60.63586666666671,68.65780000000001,51.91684999999997,56.39093333333335,,50.8552,32.09,74.46,147.024714472799,41.717000000000006,55.845,0.9334811529933481
TMO,554.46,482.33480000000037,485.1934000000006,510.31759999999997,471.1930000000003,474.1249333333341,,474.04746666666705,405.3,554.46,100.56924268964451,526.89,415.845,0.4611973392461197
TJX,70.35,66.65845000000003,67.71200000000009,67.46059999999996,64.81290000000004,67.42580000000008,,65.68633333333337,50.8,73.78,89.52147286200517,66.03999999999999,55.335,0.2660753880266075
TSCO,196.77,166.54855,175.90399999999997,184.55420000000015,160.28372500000003,167.2708,,158.21733333333336,128.42,196.77,96.86054131853355,166.946,147.57750000000001,0.37915742793791574
TT,195.2,165.8813,173.3451333333334,190.0352000000001,155.74445000000003,163.29140000000007,,154.4670666666667,115.61,206.56,123.6356375406138,150.293,154.92000000000002,0.8181818181818182
TDG,603.84,606.9857,615.1517333333333,648.1484000000005,585.2437000000001,608.6989333333333,,583.6668666666669,458.14,682.63,93.1697774669762,595.582,511.97249999999997,0.3303769401330377
TRV,157.74,147.49555,151.84260000000003,151.77620000000007,141.96760000000003,148.88453333333337,,143.72833333333332,107.44,161.67,102.882995408957,139.672,121.2525,0.5055432372505543
TRMB,90.08,73.89480000000006,77.99960000000009,82.66839999999998,68.85075000000006,74.2722000000001,,69.30986666666672,47.08,90.08,133.97721236208827,61.204,67.56,0.8758314855875832
TFC,57.07,54.365699999999954,56.785466666666615,55.70500000000001,52.20444999999997,55.30413333333331,,52.79526666666666,35.43,62.14,111.37069391771861,46.059000000000005,46.605000000000004,0.6518847006651884
TWTR,63.78,59.397700000000015,63.06519999999999,66.3794,56.20545,59.89066666666662,,56.531399999999984,37.97,77.63,126.98914151176079,49.361,58.2225,0.8381374722838137
TYL,476.47,436.2567499999999,439.786666666667,466.2571999999998,419.94739999999996,430.64026666666655,,425.8950666666664,325.33,497.85,105.692921240565,422.929,373.38750000000005,0.549889135254989
TSN,81.11,71.26005000000004,73.73993333333334,74.02920000000003,69.16735000000003,72.31053333333341,,69.06273333333338,56.49,81.91,96.29284453061558,73.43700000000001,61.4325,0.37250554323725055
UDR,53.45,44.29964999999996,46.48219999999994,52.029,41.31939999999998,43.467266666666625,,40.764133333333305,29.6,55.59,115.28753585283724,38.480000000000004,41.6925,0.7006651884700665
ULTA,369.67,311.2371000000001,326.31460000000015,342.85040000000004,294.31275,313.1232666666668,,294.51506666666666,201.43,371.91,124.71933345201096,261.85900000000004,278.9325,0.8270509977827051
USB,57.57,52.45045000000002,55.103866666666676,57.01419999999998,49.714,53.057800000000015,,49.65293333333335,34.5,62.21,117.852714823725,44.85,46.6575,0.738359201773836
UAA,24.99,20.48255,21.807133333333336,21.5508,19.103050000000003,20.911866666666672,,19.616466666666668,9.73,25.77,180.44391612854793,12.649000000000001,19.3275,0.9866962305986696
UA,21.17,17.4765,18.484399999999997,18.716800000000003,16.299750000000003,17.736266666666662,,16.64986666666666,8.77,21.9,170.08025724849364,11.401,16.424999999999997,0.975609756097561
UNP,227.49,213.59169999999986,217.54613333333336,220.4869999999999,210.31849999999983,214.56206666666674,,209.40066666666664,173.37,229.48,88.71036575696412,225.381,172.10999999999999,0.24833702882483372
UAL,46.3,49.445375000000006,51.69993333333332,50.64499999999995,47.64507500000003,51.276233333333316,,47.68143333333333,32.6,62.45,101.75253034515089,42.38,46.837500000000006,0.4811529933481153
UNH,417.21,372.45555000000024,382.2849333333332,408.20240000000007,358.2127000000002,369.04019999999974,,355.34139999999985,292.14,421.9,98.40922115518335,379.782,316.42499999999995,0.4190687361419069
UPS,197.07,181.67934999999997,186.66446666666664,203.3590000000002,176.90854999999996,180.03100000000006,,171.91760000000002,155.0,217.5,92.94149707636325,201.5,163.125,0.3237250554323725
URI,351.21,288.8715499999999,310.16259999999966,319.39119999999986,268.12294999999995,293.1149999999999,,269.81200000000007,161.98,361.34,148.2663023872318,210.57399999999998,271.005,0.9356984478935698
UHS,151.45,141.24239999999998,144.5082,153.08199999999997,134.91234999999998,141.11106666666663,,134.45299999999997,101.58,160.62,100.09304170749165,132.054,120.465,0.4523281596452328
UNM,26.65,26.299750000000028,27.795933333333323,28.028999999999982,24.974800000000023,26.93659999999999,,24.9942,16.23,31.9,108.72876710258016,21.099,23.924999999999997,0.6053215077605322
VLO,64.54,67.54089999999998,72.28699999999998,72.31840000000003,64.01600000000002,70.41106666666667,,63.47466666666669,36.19,84.39,87.75600393569299,47.047,63.292500000000004,0.23725055432372505
VTR,56.56,53.130099999999985,54.94060000000001,58.38100000000002,50.76864999999999,53.00533333333333,,50.48506666666666,38.84,60.4,104.08823283308956,50.492000000000004,45.3,0.5277161862527716
VRSN,210.6,209.06675000000013,210.64213333333328,222.80120000000005,206.63035000000013,208.2345333333333,,203.3815333333333,188.1,233.53,77.00794215107237,244.53,175.1475,0.0975609756097561
VRSK,191.4,184.9500999999999,180.57619999999994,180.98459999999992,184.75279999999998,183.0409333333333,,187.16939999999997,161.65,207.98,76.53180895294231,210.145,155.98499999999999,0.09090909090909091
VZ,55.98,57.40045000000003,56.6399333333334,56.15700000000001,57.81740000000001,57.39720000000005,,57.85646666666668,54.15,61.74,71.9989199820472,70.395,46.305,0.0598669623059867
VRTX,190.97,214.01769999999993,210.3335333333334,198.0152,221.32700000000008,216.5721333333334,,219.55186666666685,187.49,281.89,52.72188523705281,243.73700000000002,211.4175,0.0022172949002217295
VFC,79.74,82.10764999999998,81.8503333333333,81.00860000000003,80.98704999999997,82.86473333333326,,82.1146666666666,61.0,90.05,95.5062758441695,79.3,67.5375,0.35920177383592017
VIAC,38.52,45.68315000000004,49.42226666666669,41.645399999999945,43.88042500000004,48.595900000000015,,46.19713333333335,26.51,100.34,106.94520235986332,34.463,75.255,0.5809312638580931
VTRS,14.91,15.497325000000004,15.004266666666672,14.464599999999997,15.627500000000005,15.697899999999999,,15.836766666666671,12.97,18.74,69.3660472824712,16.861,14.055,0.03991130820399113
V,235.36,220.37339999999992,224.5162,238.55880000000002,214.2074499999999,218.64459999999997,,212.30660000000003,180.87,250.93,89.22053756510529,235.131,188.1975,0.2638580931263858
VNO,42.52,42.71255,44.47113333333338,45.750400000000006,41.2588,43.27580000000003,,40.80773333333337,30.2,50.28,91.37346415011478,39.26,37.71,0.29933481152993346
VMC,187.79,165.5861000000001,172.89793333333336,176.75940000000003,159.86420000000004,166.3242666666667,,159.50520000000003,120.0,193.41,109.1821315813557,156.0,145.0575,0.6097560975609756
WRB,74.41,72.12575,74.21093333333329,74.65819999999995,70.34779999999999,72.56020000000001,,70.4354,59.56,81.45,92.35605516995267,77.42800000000001,61.087500000000006,0.31042128603104213
WAB,88.95,78.27164999999997,80.38406666666666,82.791,75.14904999999997,78.5816,,75.48426666666667,56.17,89.49,98.2558961492087,73.021,67.11749999999999,0.4079822616407982
WMT,150.75,141.61124999999993,139.84919999999983,141.3992,141.28649999999993,140.5071333333332,,141.76179999999994,127.53,152.79,84.04662930991984,165.78900000000002,114.5925,0.18625277161862527
WBA,49.14,48.32209999999999,51.034433333333354,49.40479999999995,46.742799999999995,49.88536666666668,,46.95846666666666,33.52,56.8,90.2244438600603,43.57600000000001,42.599999999999994,0.28159645232815966
DIS,179.09,174.76940000000005,181.2632666666667,176.91859999999988,167.1016000000001,179.5203999999999,,170.9227999999999,118.47,201.91,104.6551074124211,154.011,151.4325,0.5343680709534369
WM,151.93,128.45959999999997,132.0617333333334,143.63999999999996,123.74555000000001,126.36853333333337,,121.77406666666664,106.96,151.93,103.59818809366831,139.048,113.9475,0.516629711751663
WAT,408.13,295.42205,314.82280000000014,365.7136,269.51060000000007,288.2180000000002,,265.9022000000002,189.64,408.13,143.05772482871646,246.53199999999998,306.09749999999997,0.917960088691796
WEC,97.18,92.45320000000001,91.5214000000001,93.06920000000005,93.04100000000003,90.94500000000008,,92.69913333333339,80.64,104.85,79.75274407866833,104.83200000000001,78.63749999999999,0.13303769401330376
WFC,49.41,38.14549999999998,41.672066666666645,45.607400000000034,34.882949999999994,38.535066666666665,,34.21446666666665,21.14,51.15,152.6523709446083,27.482000000000003,38.3625,0.9467849223946785
WELL,85.26,72.30635000000001,75.37866666666665,84.42779999999999,67.71774999999998,70.96186666666662,,66.98006666666669,51.87,89.68,115.14235389553204,67.431,67.26,0.6984478935698448
WST,441.61,315.4632499999998,327.3092666666663,378.30280000000016,298.92199999999974,304.3869333333329,,291.15453333333306,257.29,441.61,121.40726275338658,334.47700000000003,331.2075,0.7893569844789357
WDC,61.85,62.153374999999976,67.20503333333335,68.28559999999997,58.20609999999997,64.38556666666666,,58.027333333333324,33.71,77.17,131.3446463365186,43.823,57.8775,0.8580931263858093
WU,22.42,23.47059999999999,24.028199999999963,23.309400000000014,23.294399999999985,23.882733333333302,,23.33446666666664,19.44,26.39,70.74104385966977,25.272000000000002,19.7925,0.04878048780487805
WRK,51.23,49.284,51.41520000000002,51.86559999999998,47.41425000000001,50.26973333333335,,47.29840000000001,28.46,61.81,130.14098769829153,36.998000000000005,46.3575,0.8536585365853658
WY,34.68,34.29615,35.462599999999995,34.525,33.452400000000004,35.049200000000006,,33.7096,26.85,40.79,90.53222638324571,34.905,30.5925,0.28824833702882485
WHR,232.86,211.06829999999968,218.67946666666674,220.98040000000015,206.55809999999985,211.5972666666667,,205.35046666666665,168.0,252.95,96.75855461289558,218.4,189.71249999999998,0.376940133037694
WMB,24.61,23.609749999999995,24.579866666666657,26.066400000000012,22.793449999999996,23.787466666666653,,22.35379999999999,18.26,28.23,83.28199391470056,23.738000000000003,21.1725,0.17960088691796008
WLTW,218.78,224.74179999999996,231.66746666666663,226.94539999999998,223.33044999999998,229.79506666666663,,220.81666666666672,179.57,270.07,82.01418795161659,233.441,202.5525,0.1574279379157428
WYNN,93.71,115.80939999999997,120.41133333333322,112.0224,111.45302499999994,121.9876666666666,,113.54136666666658,69.01,140.0,84.84419469002125,89.71300000000001,105.0,0.1951219512195122
XEL,69.77,67.24770000000001,66.9033,68.14459999999998,67.553775,66.40046666666666,,67.00993333333335,58.03,74.71,75.1370742805291,75.43900000000001,56.0325,0.07760532150776053
XLNX,142.64,133.40159999999997,131.6841999999999,136.95079999999996,129.00754999999998,132.7818666666666,,131.65746666666658,97.29,152.11,103.05433582383701,126.47700000000002,114.08250000000001,0.5099778270509978
XYL,132.93,107.91774999999998,111.52120000000008,121.7296,102.54425,106.7702,,101.66100000000002,79.22,132.93,126.85594828794113,102.986,99.6975,0.835920177383592
